city,recorded_at,fetched_at,is_stale,aqi,aqi_category,dominant_pollutant,pm25,pm10,no2,o3,co,so2,temp_c,feels_like_c,humidity_pct,dew_point_c,pressure_hpa,wind_speed_ms,wind_direction_deg,wind_cardinal,wind_gust_ms,visibility_m,visibility_km,weather_main,weather_desc,cloud_cover_pct,sunrise_utc,sunset_utc,weather_fetched_at
Mumbai,2026-04-11 21:00:00,2026-04-11 21:43:05,False,160,Unhealthy,pm25,160,105,2.3,11.5,2.5,11.9,28.99,32.71,70,22.99,1010,3.09,290,W,,4000,4.0,Haze,haze,0,2026-04-11 00:54:34+00:00,2026-04-11 13:24:29+00:00,2026-04-11 21:43:05
Delhi,2026-04-11 21:00:00,2026-04-11 21:43:06,False,116,Unhealthy for Sensitive Groups,pm25,116,114,45.2,1.4,8.8,4.2,28.05,27.13,30,14.05,1008,1.54,320,NW,,4500,4.5,Haze,haze,75,2026-04-11 00:30:07+00:00,2026-04-11 13:13:59+00:00,2026-04-11 21:43:06
Pune,2021-01-01 02:00:00,2026-04-11 21:43:07,True,59,Moderate,pm25,59,26,3.2,27.7,3.7,6.1,30.08,28.83,30,16.08,1011,3.26,292,W,5.44,10000,10.0,Clear,clear sky,0,2026-04-11 00:50:52+00:00,2026-04-11 13:20:08+00:00,2026-04-11 21:43:07
Chennai,2026-04-11 21:00:00,2026-04-11 21:43:08,False,57,Moderate,pm25,57,27,4.9,6.8,4.5,2.3,29.79,36.79,82,26.19,1011,4.12,140,SE,,6000,6.0,Clouds,few clouds,20,2026-04-11 00:28:41+00:00,2026-04-11 12:50:57+00:00,2026-04-11 21:43:08
Kolkata,2026-04-11 21:00:00,2026-04-11 21:43:09,False,103,Unhealthy for Sensitive Groups,pm25,103,62,30.6,3.8,10.5,8.0,26.97,27.84,57,18.37,1008,2.57,150,SE,,3500,3.5,Haze,haze,20,2026-04-10 23:50:05+00:00,2026-04-11 12:24:50+00:00,2026-04-11 21:43:10
Mumbai,2026-04-11 22:00:00,2026-04-11 22:05:05,False,153,Unhealthy,pm25,153,92,2.0,11.5,2.0,11.9,28.99,32.71,70,22.99,1011,3.09,290,W,,4000,4.0,Haze,haze,0,2026-04-11 00:54:34+00:00,2026-04-11 13:24:29+00:00,2026-04-11 22:05:05
Delhi,2026-04-11 22:00:00,2026-04-11 22:05:07,False,132,Unhealthy for Sensitive Groups,pm25,132,114,49.8,0.8,10.6,4.7,28.05,27.13,30,14.05,1008,1.54,320,NW,,4500,4.5,Haze,haze,75,2026-04-11 00:30:07+00:00,2026-04-11 13:13:59+00:00,2026-04-11 22:05:07
Pune,2021-01-01 02:00:00,2026-04-11 22:05:08,True,59,Moderate,pm25,59,26,3.2,27.7,3.7,6.1,30.08,28.83,30,16.08,1012,2.91,286,W,4.74,10000,10.0,Clear,clear sky,0,2026-04-11 00:50:52+00:00,2026-04-11 13:20:08+00:00,2026-04-11 22:05:08
Chennai,2026-04-11 22:00:00,2026-04-11 22:05:09,False,55,Moderate,pm25,55,26,5.1,6.6,4.0,2.5,29.48,36.48,82,25.88,1011,4.12,150,SE,,6000,6.0,Clouds,few clouds,20,2026-04-11 00:28:41+00:00,2026-04-11 12:50:57+00:00,2026-04-11 22:05:09
Kolkata,2026-04-11 21:00:00,2026-04-11 22:05:10,False,103,Unhealthy for Sensitive Groups,pm25,103,62,30.6,3.8,10.5,8.0,26.97,27.84,57,18.37,1008,2.57,150,SE,,3500,3.5,Haze,haze,20,2026-04-10 23:50:05+00:00,2026-04-11 12:24:50+00:00,2026-04-11 22:05:11
Mumbai,2026-05-27 20:00:00,2026-05-27 20:57:57,False,82,Moderate,pm25,82,48,2.3,11.6,2.4,11.9,30.99,37.57,70,24.99,1010,3.09,290,W,,4000,4.0,Haze,haze,20,2026-05-27 00:31:17+00:00,2026-05-27 13:40:30+00:00,2026-05-27 20:57:58
Delhi,2026-05-27 20:00:00,2026-05-27 20:58:00,False,119,Unhealthy for Sensitive Groups,pm10,63,119,43.7,8.0,2.6,6.9,40.05,38.07,15,23.05,999,2.06,280,W,,5000,5.0,Clear,clear sky,0,2026-05-26 23:55:09+00:00,2026-05-27 13:41:41+00:00,2026-05-27 20:58:01
Pune,2021-01-01 02:00:00,2026-05-27 20:58:03,True,59,Moderate,pm25,59,26,3.2,27.7,3.7,6.1,30.22,30.61,45,19.22,1010,5.38,275,W,6.64,10000,10.0,Clouds,broken clouds,64,2026-05-27 00:28:08+00:00,2026-05-27 13:35:36+00:00,2026-05-27 20:58:04
Chennai,2026-05-27 20:00:00,2026-05-27 20:58:06,False,72,Moderate,pm25,72,44,5.2,11.9,9.7,2.2,32.18,38.46,63,24.78,1007,4.12,170,S,,5000,5.0,Haze,haze,20,2026-05-27 00:11:45+00:00,2026-05-27 13:00:35+00:00,2026-05-27 20:58:07
Kolkata,2026-05-27 20:00:00,2026-05-27 20:58:08,False,65,Moderate,pm25,65,46,9.0,11.3,2.6,1.1,25.97,25.97,89,23.77,1007,7.2,110,E,,3500,3.5,Thunderstorm,thunderstorm,75,2026-05-26 23:22:42+00:00,2026-05-27 12:44:54+00:00,2026-05-27 20:58:09
Mumbai,2026-05-29 19:00:00,2026-05-29 20:00:50,False,118,Unhealthy for Sensitive Groups,pm25,118,65,2.4,11.7,2.6,11.9,31.99,38.97,66,25.19,1008,5.66,260,W,,4000,4.0,Haze,haze,40,2026-05-29 00:31:00+00:00,2026-05-29 13:41:17+00:00,2026-05-29 20:00:51
Delhi,2026-05-29 19:00:00,2026-05-29 20:00:52,False,76,Moderate,pm10,63,76,17.3,13.4,3.4,5.2,28.05,29.2,57,19.45,1001,5.66,120,SE,,4500,4.5,Haze,haze,40,2026-05-28 23:54:33+00:00,2026-05-29 13:42:47+00:00,2026-05-29 20:00:53
Pune,2021-01-01 02:00:00,2026-05-29 20:00:54,True,59,Moderate,pm25,59,26,3.2,27.7,3.7,6.1,30.78,30.12,36,17.98,1008,6.39,268,W,6.94,10000,10.0,Clear,clear sky,0,2026-05-29 00:27:52+00:00,2026-05-29 13:36:22+00:00,2026-05-29 20:00:55
Chennai,2026-05-29 19:00:00,2026-05-29 20:00:56,False,78,Moderate,pm25,78,50,5.0,12.8,8.8,2.2,31.85,38.85,75,26.85,1005,5.14,180,S,,6000,6.0,Clouds,scattered clouds,40,2026-05-29 00:11:38+00:00,2026-05-29 13:01:12+00:00,2026-05-29 20:00:59
Kolkata,2026-05-29 19:00:00,2026-05-29 20:01:01,False,46,Good,pm25,46,24,11.1,6.3,4.9,3.0,23.97,24.72,88,21.57,1006,2.06,110,E,,2800,2.8,Haze,haze,20,2026-05-28 23:22:18+00:00,2026-05-29 12:45:48+00:00,2026-05-29 20:01:02
Mumbai,2026-05-30 14:00:00,2026-05-30 14:22:44,False,123,Unhealthy for Sensitive Groups,pm25,123,66,2.4,11.6,2.8,11.9,33.99,40.99,59,25.79,1008,5.14,260,W,,5000,5.0,Smoke,smoke,40,2026-05-30 00:30:53+00:00,2026-05-30 13:41:40+00:00,2026-05-30 14:22:45
Delhi,2026-05-30 14:00:00,2026-05-30 14:22:46,False,52,Moderate,pm10,44,52,7.1,18.1,2.0,5.2,35.05,36.17,36,22.25,1004,5.66,120,SE,,7000,7.0,Clear,clear sky,0,2026-05-29 23:54:17+00:00,2026-05-30 13:43:19+00:00,2026-05-30 14:22:46
Pune,2021-01-01 02:00:00,2026-05-30 14:22:48,True,59,Moderate,pm25,59,26,3.2,27.7,3.7,6.1,35.22,34.58,28,20.82,1007,6.2,281,W,5.99,10000,10.0,Clear,clear sky,0,2026-05-30 00:27:45+00:00,2026-05-30 13:36:44+00:00,2026-05-30 14:22:48
Chennai,2026-05-30 13:00:00,2026-05-30 14:22:50,False,76,Moderate,pm25,76,48,4.7,12.7,9.0,2.2,33.97,40.97,62,26.37,1006,4.12,60,NE,,6000,6.0,Clouds,scattered clouds,40,2026-05-30 00:11:36+00:00,2026-05-30 13:01:30+00:00,2026-05-30 14:22:51
Kolkata,2026-05-30 12:00:00,2026-05-30 14:22:52,False,65,Moderate,pm25,65,48,9.6,10.8,3.1,1.9,33.97,40.97,62,26.37,1003,3.09,60,NE,,4500,4.5,Haze,haze,40,2026-05-29 23:22:07+00:00,2026-05-30 12:46:14+00:00,2026-05-30 14:22:53
Mumbai,2026-05-30 16:00:00,2026-05-30 20:13:59,False,156,Unhealthy,pm25,156,88,2.3,11.5,2.7,11.9,31.99,38.99,70,25.99,1008,5.66,260,W,,4500,4.5,Haze,haze,20,2026-05-30 00:30:53+00:00,2026-05-30 13:41:40+00:00,2026-05-30 20:14:00
Delhi,2026-05-30 20:00:00,2026-05-30 20:14:02,False,82,Moderate,pm10,55,82,30.8,3.2,9.1,5.6,29.05,29.15,45,18.05,1004,5.14,220,SW,10.29,4000,4.0,Haze,haze,75,2026-05-29 23:54:17+00:00,2026-05-30 13:43:19+00:00,2026-05-30 20:14:02
Pune,2021-01-01 02:00:00,2026-05-30 20:14:04,True,59,Moderate,pm25,59,26,3.2,27.7,3.7,6.1,30.78,30.92,42,19.18,1008,5.98,275,W,7.81,10000,10.0,Clear,clear sky,0,2026-05-30 00:27:45+00:00,2026-05-30 13:36:44+00:00,2026-05-30 20:14:04
Chennai,2026-05-30 16:00:00,2026-05-30 20:14:06,False,73,Moderate,pm25,73,45,5.0,12.4,9.7,2.4,31.74,38.74,69,25.54,1007,3.09,150,SE,,6000,6.0,Clouds,scattered clouds,40,2026-05-30 00:11:36+00:00,2026-05-30 13:01:30+00:00,2026-05-30 20:14:06
Kolkata,2026-05-30 12:00:00,2026-05-30 20:14:08,False,65,Moderate,pm25,65,48,9.6,10.8,3.1,1.9,26.97,29.49,78,22.57,1005,0.0,0,N,,3500,3.5,Haze,haze,75,2026-05-29 23:22:07+00:00,2026-05-30 12:46:14+00:00,2026-05-30 20:14:08
Mumbai,2026-05-30 16:00:00,2026-05-31 13:19:40,False,156,Unhealthy,pm25,156,88,2.3,11.5,2.7,11.9,34.99,41.99,59,26.79,1009,5.14,280,W,,4000,4.0,Haze,haze,40,2026-05-31 00:30:46+00:00,2026-05-31 13:42:03+00:00,2026-05-31 13:19:40
Delhi,2026-05-31 13:00:00,2026-05-31 13:19:41,False,55,Moderate,pm25,55,50,8.0,14.9,4.6,3.7,33.05,34.54,43,21.65,1007,3.6,110,E,,6000,6.0,Clouds,scattered clouds,40,2026-05-30 23:54:02+00:00,2026-05-31 13:43:51+00:00,2026-05-31 13:19:42
Pune,2021-01-01 02:00:00,2026-05-31 13:19:44,True,59,Moderate,pm25,59,26,3.2,27.7,3.7,6.1,31.19,32.94,50,21.19,1010,4.77,243,SW,5.18,10000,10.0,Clouds,overcast clouds,86,2026-05-31 00:27:39+00:00,2026-05-31 13:37:07+00:00,2026-05-31 13:19:45
Chennai,2026-05-30 16:00:00,2026-05-31 13:19:47,False,73,Moderate,pm25,73,45,5.0,12.4,9.7,2.4,36.48,43.48,55,27.48,1006,3.13,123,SE,4.02,7000,7.0,Clouds,few clouds,20,2026-05-31 00:11:34+00:00,2026-05-31 13:01:48+00:00,2026-05-31 13:19:49
Kolkata,2026-05-30 12:00:00,2026-05-31 13:19:50,True,65,Moderate,pm25,65,48,9.6,10.8,3.1,1.9,34.97,41.4,52,25.37,1004,1.54,140,SE,,5000,5.0,Haze,haze,40,2026-05-30 23:21:58+00:00,2026-05-31 12:46:40+00:00,2026-05-31 13:19:51
Mumbai,2026-05-30 16:00:00,2026-05-31 23:13:12,True,156,Unhealthy,pm25,156,88,2.3,11.5,2.7,11.9,30.99,37.99,74,25.79,1010,4.12,260,W,,4000,4.0,Haze,haze,20,2026-05-31 00:30:46+00:00,2026-05-31 13:42:03+00:00,2026-05-31 23:13:13
Delhi,2026-05-31 23:00:00,2026-05-31 23:13:14,False,59,Moderate,pm25,59,52,20.0,6.9,7.3,4.7,27.05,28.22,61,19.25,1007,3.09,110,E,,5000,5.0,Haze,haze,40,2026-05-30 23:54:02+00:00,2026-05-31 13:43:51+00:00,2026-05-31 23:13:15
Pune,2021-01-01 02:00:00,2026-05-31 23:13:17,True,59,Moderate,pm25,59,26,3.2,27.7,3.7,6.1,29.11,29.44,47,18.51,1011,4.65,272,W,8.23,10000,10.0,Clear,clear sky,2,2026-05-31 00:27:39+00:00,2026-05-31 13:37:07+00:00,2026-05-31 23:13:18
Chennai,2026-05-30 16:00:00,2026-05-31 23:13:20,True,73,Moderate,pm25,73,45,5.0,12.4,9.7,2.4,31.27,38.27,79,27.07,1007,5.66,220,SW,,6000,6.0,Clouds,scattered clouds,40,2026-05-31 00:11:34+00:00,2026-05-31 13:01:48+00:00,2026-05-31 23:13:21
Kolkata,2026-05-30 12:00:00,2026-05-31 23:13:23,True,65,Moderate,pm25,65,48,9.6,10.8,3.1,1.9,29.97,36.97,84,26.77,1006,1.54,120,SE,,3500,3.5,Haze,haze,20,2026-05-30 23:21:58+00:00,2026-05-31 12:46:40+00:00,2026-05-31 23:13:23
Mumbai,2026-05-30 16:00:00,2026-06-01 10:54:47,True,156,Unhealthy,pm25,156,88,2.3,11.5,2.7,11.9,33.99,40.16,55,24.99,1011,3.6,290,W,,5000,5.0,Smoke,smoke,40,2026-06-01 00:30:41+00:00,2026-06-01 13:42:26+00:00,2026-06-01 10:54:48
Delhi,2026-06-01 10:00:00,2026-06-01 10:54:49,False,91,Moderate,pm25,91,59,10.4,10.0,4.6,5.6,32.05,33.98,48,21.65,1009,5.14,100,E,,6000,6.0,Clouds,scattered clouds,26,2026-05-31 23:53:48+00:00,2026-06-01 13:44:22+00:00,2026-06-01 10:54:50
Pune,2021-01-01 02:00:00,2026-06-01 10:54:51,True,59,Moderate,pm25,59,26,3.2,27.7,3.7,6.1,32.45,32.05,35,19.45,1011,3.67,300,NW,2.73,10000,10.0,Clear,clear sky,0,2026-06-01 00:27:34+00:00,2026-06-01 13:37:29+00:00,2026-06-01 10:54:52
Chennai,2026-05-30 16:00:00,2026-06-01 10:54:54,True,73,Moderate,pm25,73,45,5.0,12.4,9.7,2.4,37.2,44.2,48,26.8,1008,4.63,320,NW,,6000,6.0,Clouds,few clouds,20,2026-06-01 00:11:34+00:00,2026-06-01 13:02:06+00:00,2026-06-01 10:54:54
Kolkata,2026-05-30 12:00:00,2026-06-01 10:54:56,True,65,Moderate,pm25,65,48,9.6,10.8,3.1,1.9,34.97,41.97,55,25.97,1007,2.57,110,E,,4000,4.0,Haze,haze,40,2026-05-31 23:21:50+00:00,2026-06-01 12:47:06+00:00,2026-06-01 10:54:57
Mumbai,2026-06-01 16:00:00,2026-06-01 19:50:59,False,126,Unhealthy for Sensitive Groups,pm25,126,67,1.9,11.5,1.9,11.9,31.99,38.97,66,25.19,1008,5.14,280,W,,5000,5.0,Haze,haze,40,2026-06-01 00:30:41+00:00,2026-06-01 13:42:26+00:00,2026-06-01 19:51:00
Delhi,2026-06-01 19:00:00,2026-06-01 19:51:01,False,65,Moderate,pm25,65,63,11.8,19.3,5.0,5.1,32.05,33.98,48,21.65,1005,5.14,100,E,,5000,5.0,Haze,haze,62,2026-05-31 23:53:48+00:00,2026-06-01 13:44:22+00:00,2026-06-01 19:51:02
Pune,2021-01-01 02:00:00,2026-06-01 19:51:04,True,59,Moderate,pm25,59,26,3.2,27.7,3.7,6.1,30.78,30.63,40,18.78,1009,6.13,285,W,7.33,10000,10.0,Clouds,scattered clouds,38,2026-06-01 00:27:34+00:00,2026-06-01 13:37:29+00:00,2026-06-01 19:51:04
Chennai,2026-06-01 16:00:00,2026-06-01 19:51:06,False,79,Moderate,pm25,79,52,4.1,9.3,3.2,8.4,31.6,38.6,71,25.8,1007,2.57,180,S,,5000,5.0,Mist,mist,40,2026-06-01 00:11:34+00:00,2026-06-01 13:02:06+00:00,2026-06-01 19:51:06
Kolkata,2026-06-01 16:00:00,2026-06-01 19:51:08,False,73,Moderate,pm25,73,48,12.0,7.5,2.4,2.1,30.97,37.97,74,25.77,1006,3.6,150,SE,,3500,3.5,Haze,haze,20,2026-05-31 23:21:50+00:00,2026-06-01 12:47:06+00:00,2026-06-01 19:51:08
Mumbai,2026-06-02 12:00:00,2026-06-02 13:13:07,False,108,Unhealthy for Sensitive Groups,pm25,108,61,2.3,11.6,2.6,11.9,33.99,40.16,55,24.99,1008,6.17,280,W,,5000,5.0,Smoke,smoke,40,2026-06-02 00:30:37+00:00,2026-06-02 13:42:48+00:00,2026-06-02 13:13:08
Delhi,2026-06-02 13:00:00,2026-06-02 13:13:09,False,78,Moderate,pm25,78,67,4.2,19.8,2.6,4.3,35.05,37.62,41,23.25,1006,4.12,90,E,,5000,5.0,Haze,haze,40,2026-06-01 23:53:36+00:00,2026-06-02 13:44:52+00:00,2026-06-02 13:13:12
Pune,2021-01-01 02:00:00,2026-06-02 13:13:13,True,59,Moderate,pm25,59,26,3.2,27.7,3.7,6.1,35.78,35.15,27,21.18,1008,4.36,268,W,3.81,10000,10.0,Clear,clear sky,0,2026-06-02 00:27:31+00:00,2026-06-02 13:37:51+00:00,2026-06-02 13:13:14
Chennai,2026-06-02 12:00:00,2026-06-02 13:13:16,False,80,Moderate,pm25,80,51,5.2,12.3,9.1,2.3,38.22,45.22,47,27.62,1006,4.12,280,W,,6000,6.0,Clouds,few clouds,20,2026-06-02 00:11:34+00:00,2026-06-02 13:02:24+00:00,2026-06-02 13:13:18
Kolkata,2026-06-02 12:00:00,2026-06-02 13:13:21,False,77,Moderate,pm25,77,44,11.6,13.3,2.9,3.2,35.97,42.62,49,25.77,1003,2.57,110,E,,4000,4.0,Haze,haze,40,2026-06-01 23:21:43+00:00,2026-06-02 12:47:31+00:00,2026-06-02 13:13:24
Mumbai,2026-06-03 12:00:00,2026-06-03 12:40:48,False,85,Moderate,pm25,85,50,2.5,11.6,2.9,11.9,31.32,36.08,62,23.72,1007,3.89,236,SW,3.73,10000,10.0,Clear,clear sky,0,2026-06-03 00:30:34+00:00,2026-06-03 13:43:10+00:00,2026-06-03 12:40:49
Delhi,2026-06-03 12:00:00,2026-06-03 12:40:50,False,92,Moderate,pm25,92,87,9.6,28.6,1.5,13.8,37.21,36.74,25,22.21,1002,0.75,181,S,2.6,10000,10.0,Clear,clear sky,0,2026-06-02 23:53:25+00:00,2026-06-03 13:45:22+00:00,2026-06-03 12:40:53
Pune,2021-01-01 02:00:00,2026-06-03 12:40:55,True,59,Moderate,pm25,59,26,3.2,27.7,3.7,6.1,35.22,34.58,28,20.82,1007,4.16,255,W,3.89,10000,10.0,Clear,clear sky,9,2026-06-03 00:27:28+00:00,2026-06-03 13:38:13+00:00,2026-06-03 12:40:56
Chennai,2026-06-03 12:00:00,2026-06-03 12:40:57,False,74,Moderate,pm25,74,46,5.0,13.4,9.9,2.0,38.23,45.23,48,27.83,1005,0.45,252,W,0.89,10000,10.0,Clouds,overcast clouds,100,2026-06-03 00:11:35+00:00,2026-06-03 13:02:42+00:00,2026-06-03 12:41:00
Kolkata,2026-06-03 12:00:00,2026-06-03 12:41:01,False,84,Moderate,pm25,84,53,9.3,14.8,3.8,6.4,40.39,43.44,29,26.19,1001,4.36,196,S,4.15,10000,10.0,Clear,clear sky,0,2026-06-02 23:21:37+00:00,2026-06-03 12:47:56+00:00,2026-06-03 12:41:02
Mumbai,2026-06-03 23:00:00,2026-06-03 23:10:02,False,80,Moderate,pm25,80,47,2.5,11.6,2.9,11.9,30.29,36.02,71,24.49,1007,6.86,198,S,6.84,10000,10.0,Clear,clear sky,0,2026-06-03 00:30:34+00:00,2026-06-03 13:43:10+00:00,2026-06-03 23:10:03
Delhi,2026-06-03 23:00:00,2026-06-03 23:10:04,False,157,Unhealthy,pm25,157,126,42.5,6.7,5.6,6.5,37.99,36.65,20,21.99,999,1.56,218,SW,2.72,10000,10.0,Clear,clear sky,1,2026-06-02 23:53:25+00:00,2026-06-03 13:45:22+00:00,2026-06-03 23:10:05
Pune,2021-01-01 02:00:00,2026-06-03 23:10:07,True,59,Moderate,pm25,59,26,3.2,27.7,3.7,6.1,28.0,28.27,48,17.6,1008,4.96,262,W,7.39,10000,10.0,Clouds,scattered clouds,31,2026-06-03 00:27:28+00:00,2026-06-03 13:38:13+00:00,2026-06-03 23:10:07
Chennai,2026-06-03 23:00:00,2026-06-03 23:10:10,False,77,Moderate,pm25,77,48,5.1,12.1,9.4,2.3,30.04,37.04,78,25.64,1007,6.03,294,NW,7.25,10000,10.0,Clouds,overcast clouds,100,2026-06-03 00:11:35+00:00,2026-06-03 13:02:42+00:00,2026-06-03 23:10:11
Kolkata,2026-06-03 22:00:00,2026-06-03 23:10:13,False,96,Moderate,pm25,96,56,7.2,6.9,3.2,3.0,30.59,37.59,75,25.59,1002,5.86,194,S,9.51,10000,10.0,Clear,clear sky,7,2026-06-02 23:21:37+00:00,2026-06-03 12:47:56+00:00,2026-06-03 23:10:13
Mumbai,2026-06-04 10:00:00,2026-06-04 10:14:02,False,58,Moderate,pm25,58,28,2.4,11.7,2.8,11.9,30.39,36.27,71,24.59,1008,5.95,201,S,5.93,10000,10.0,Clear,clear sky,10,2026-06-04 00:30:31+00:00,2026-06-04 13:43:32+00:00,2026-06-04 10:14:03
Delhi,2026-06-04 10:00:00,2026-06-04 10:14:04,False,114,Unhealthy for Sensitive Groups,pm25,114,96,14.4,17.1,2.0,5.7,38.33,37.84,23,22.93,1002,2.2,227,SW,2.26,10000,10.0,Clear,clear sky,0,2026-06-03 23:53:15+00:00,2026-06-04 13:45:51+00:00,2026-06-04 10:14:05
Pune,2021-01-01 02:00:00,2026-06-04 10:14:07,True,59,Moderate,pm25,59,26,3.2,27.7,3.7,6.1,30.78,31.07,43,19.38,1008,3.55,268,W,3.33,10000,10.0,Clear,clear sky,0,2026-06-04 00:27:26+00:00,2026-06-04 13:38:34+00:00,2026-06-04 10:14:08
Chennai,2026-06-04 10:00:00,2026-06-04 10:14:10,False,71,Moderate,pm25,71,43,4.7,13.6,9.2,2.4,34.94,40.93,51,25.14,1006,2.24,234,SW,2.68,10000,10.0,Clouds,overcast clouds,100,2026-06-04 00:11:36+00:00,2026-06-04 13:03:00+00:00,2026-06-04 10:14:11
Kolkata,2026-06-04 10:00:00,2026-06-04 10:14:12,False,75,Moderate,pm25,75,47,10.7,12.1,4.2,4.0,39.33,43.59,34,26.13,1002,4.3,187,S,3.54,10000,10.0,Clear,clear sky,5,2026-06-03 23:21:32+00:00,2026-06-04 12:48:20+00:00,2026-06-04 10:14:13
Mumbai,2026-06-04 19:00:00,2026-06-04 19:08:02,False,109,Unhealthy for Sensitive Groups,pm25,109,61,2.2,11.6,2.3,11.9,30.53,37.53,79,26.33,1004,7.14,218,SW,7.5,10000,10.0,Clear,clear sky,1,2026-06-04 00:30:31+00:00,2026-06-04 13:43:32+00:00,2026-06-04 19:08:03
Delhi,2026-06-04 19:00:00,2026-06-04 19:08:05,False,78,Moderate,pm25,78,47,39.6,3.3,5.6,3.5,37.86,36.48,20,21.86,997,8.28,296,NW,10.01,10000,10.0,Clouds,scattered clouds,44,2026-06-03 23:53:15+00:00,2026-06-04 13:45:51+00:00,2026-06-04 19:08:06
Pune,2021-01-01 02:00:00,2026-06-04 19:08:08,True,59,Moderate,pm25,59,26,3.2,27.7,3.7,6.1,28.24,30.71,67,21.64,1006,6.81,272,W,8.69,10000,10.0,Clouds,scattered clouds,47,2026-06-04 00:27:26+00:00,2026-06-04 13:38:34+00:00,2026-06-04 19:08:09
Chennai,2026-06-04 19:00:00,2026-06-04 19:08:10,False,73,Moderate,pm25,73,45,5.6,12.1,9.4,1.8,32.07,39.07,72,26.47,1004,2.68,186,S,4.92,10000,10.0,Clouds,overcast clouds,100,2026-06-04 00:11:36+00:00,2026-06-04 13:03:00+00:00,2026-06-04 19:08:11
Kolkata,2026-06-04 18:00:00,2026-06-04 19:08:12,False,92,Moderate,pm25,92,52,7.6,11.3,3.5,2.7,28.18,32.07,77,23.58,1002,11.95,246,SW,17.26,10000,10.0,Clouds,few clouds,17,2026-06-03 23:21:32+00:00,2026-06-04 12:48:20+00:00,2026-06-04 19:08:14
Mumbai,2026-06-05 01:00:00,2026-06-06 15:04:23,True,140,Unhealthy for Sensitive Groups,pm25,140,73,2.4,11.5,2.8,11.8,31.64,38.37,67,25.04,1005,4.13,285,W,4.66,10000,10.0,Clouds,few clouds,11,2026-06-06 00:30:29+00:00,2026-06-06 13:44:15+00:00,2026-06-06 15:04:24
Delhi,2026-06-06 15:00:00,2026-06-06 15:04:26,False,129,Unhealthy for Sensitive Groups,pm10,85,129,5.0,19.7,3.7,2.6,40.42,40.31,21,24.62,999,7.18,287,W,6.69,10000,10.0,Clear,clear sky,5,2026-06-05 23:53:00+00:00,2026-06-06 13:46:47+00:00,2026-06-06 15:04:26
Pune,2021-01-01 02:00:00,2026-06-06 15:04:28,True,59,Moderate,pm25,59,26,3.2,27.7,3.7,6.1,37.45,37.62,27,22.85,1004,6.96,291,W,4.52,10000,10.0,Clouds,few clouds,13,2026-06-06 00:27:24+00:00,2026-06-06 13:39:16+00:00,2026-06-06 15:04:29
Chennai,2026-06-06 14:00:00,2026-06-06 15:04:30,False,73,Moderate,pm25,73,45,5.4,12.3,9.9,2.4,37.47,44.47,57,28.87,1003,8.63,159,S,9.89,10000,10.0,Clouds,overcast clouds,99,2026-06-06 00:11:41+00:00,2026-06-06 13:03:36+00:00,2026-06-06 15:04:31
Kolkata,2026-06-06 14:00:00,2026-06-06 15:04:33,False,86,Moderate,pm25,86,48,12.6,8.6,5.2,5.1,33.83,40.83,58,25.43,999,5.46,107,E,5.35,10000,10.0,Clouds,broken clouds,73,2026-06-05 23:21:25+00:00,2026-06-06 12:49:07+00:00,2026-06-06 15:04:33
Mumbai,2026-06-05 01:00:00,2026-06-06 17:01:21,True,140,Unhealthy for Sensitive Groups,pm25,140,73,2.4,11.5,2.8,11.8,31.69,38.5,67,25.09,1005,4.21,289,W,4.72,10000,10.0,Clear,clear sky,10,2026-06-06 00:30:29+00:00,2026-06-06 13:44:15+00:00,2026-06-06 17:01:22
Delhi,2026-06-06 17:00:00,2026-06-06 17:01:23,False,123,Unhealthy for Sensitive Groups,pm10,95,123,7.0,22.7,5.5,3.0,35.43,35.77,32,21.83,999,7.8,209,SW,11.32,10000,10.0,Clouds,scattered clouds,36,2026-06-05 23:53:00+00:00,2026-06-06 13:46:47+00:00,2026-06-06 17:01:24
Pune,2021-01-01 02:00:00,2026-06-06 17:01:25,True,59,Moderate,pm25,59,26,3.2,27.7,3.7,6.1,36.89,36.76,27,22.29,1003,7.33,266,W,6.19,10000,10.0,Clouds,few clouds,23,2026-06-06 00:27:24+00:00,2026-06-06 13:39:16+00:00,2026-06-06 17:01:26
Chennai,2026-06-06 16:00:00,2026-06-06 17:01:27,False,72,Moderate,pm25,72,44,4.6,12.5,8.7,2.2,34.42,41.42,66,27.62,1002,1.34,152,SE,2.68,10000,10.0,Clouds,overcast clouds,99,2026-06-06 00:11:41+00:00,2026-06-06 13:03:36+00:00,2026-06-06 17:01:28
Kolkata,2026-06-06 16:00:00,2026-06-06 17:01:29,False,81,Moderate,pm25,81,42,13.3,7.6,5.9,0.4,33.05,38.59,57,24.45,999,3.84,119,SE,6.54,10000,10.0,Clouds,broken clouds,82,2026-06-05 23:21:25+00:00,2026-06-06 12:49:07+00:00,2026-06-06 17:01:30
Mumbai,2026-06-05 01:00:00,2026-06-06 22:50:44,True,140,Unhealthy for Sensitive Groups,pm25,140,73,2.4,11.5,2.8,11.8,31.24,38.24,72,25.64,1008,4.69,302,NW,6.18,10000,10.0,Clouds,broken clouds,61,2026-06-06 00:30:29+00:00,2026-06-06 13:44:15+00:00,2026-06-06 22:50:45
Delhi,2026-06-06 22:00:00,2026-06-06 22:50:46,False,121,Unhealthy for Sensitive Groups,pm10,76,121,22.2,8.0,7.1,3.0,36.7,35.79,24,21.5,1001,4.07,280,W,9.28,10000,10.0,Clouds,broken clouds,59,2026-06-05 23:53:00+00:00,2026-06-06 13:46:47+00:00,2026-06-06 22:50:47
Pune,2021-01-01 02:00:00,2026-06-06 22:50:48,True,59,Moderate,pm25,59,26,3.2,27.7,3.7,6.1,29.11,29.22,45,18.11,1009,5.88,271,W,8.87,10000,10.0,Clouds,overcast clouds,88,2026-06-06 00:27:24+00:00,2026-06-06 13:39:16+00:00,2026-06-06 22:50:48
Chennai,2026-06-06 20:00:00,2026-06-06 22:50:49,False,79,Moderate,pm25,79,51,5.0,11.6,9.4,2.2,32.64,39.64,71,26.84,1007,0.45,198,S,0.89,10000,10.0,Clouds,broken clouds,84,2026-06-06 00:11:41+00:00,2026-06-06 13:03:36+00:00,2026-06-06 22:50:50
Kolkata,2026-06-06 20:00:00,2026-06-06 22:50:51,False,82,Moderate,pm25,82,43,15.9,7.7,6.1,0.1,28.63,32.44,73,23.23,1003,2.4,182,S,5.55,10000,10.0,Clouds,overcast clouds,100,2026-06-05 23:21:25+00:00,2026-06-06 12:49:07+00:00,2026-06-06 22:50:52
Mumbai,2026-06-05 01:00:00,2026-06-07 12:14:50,True,140,Unhealthy for Sensitive Groups,pm25,140,73,2.4,11.5,2.8,11.8,31.74,36.47,60,23.74,1007,3.51,244,SW,3.87,10000,10.0,Clouds,broken clouds,80,2026-06-07 00:30:30+00:00,2026-06-07 13:44:35+00:00,2026-06-07 12:14:51
Delhi,2026-06-07 12:00:00,2026-06-07 12:14:52,False,114,Unhealthy for Sensitive Groups,pm10,89,114,5.6,16.2,3.1,3.5,41.09,40.96,20,25.09,1001,2.61,255,W,5.02,10000,10.0,Clear,clear sky,0,2026-06-06 23:52:54+00:00,2026-06-07 13:47:14+00:00,2026-06-07 12:14:53
Pune,2021-01-01 02:00:00,2026-06-07 12:14:54,True,59,Moderate,pm25,59,26,3.2,27.7,3.7,6.1,35.78,36.32,32,22.18,1007,4.86,274,W,3.72,10000,10.0,Clouds,broken clouds,62,2026-06-07 00:27:25+00:00,2026-06-07 13:39:37+00:00,2026-06-07 12:14:55
Chennai,2026-06-07 12:00:00,2026-06-07 12:14:56,False,74,Moderate,pm25,74,46,5.2,12.7,9.3,2.5,36.99,43.99,47,26.39,1005,3.58,226,SW,4.47,10000,10.0,Clouds,overcast clouds,100,2026-06-07 00:11:45+00:00,2026-06-07 13:03:53+00:00,2026-06-07 12:14:57
Kolkata,2026-06-07 12:00:00,2026-06-07 12:14:58,False,82,Moderate,pm25,82,39,9.6,9.7,5.0,3.5,33.59,38.49,53,24.19,1003,3.86,206,SW,4.69,10000,10.0,Clouds,overcast clouds,100,2026-06-06 23:21:23+00:00,2026-06-07 12:49:30+00:00,2026-06-07 12:14:59
Mumbai,2026-06-05 01:00:00,2026-06-07 13:52:25,True,140,Unhealthy for Sensitive Groups,pm25,140,73,2.4,11.5,2.8,11.8,32.22,38.57,63,24.82,1007,4.4,250,W,4.67,10000,10.0,Clouds,overcast clouds,88,2026-06-07 00:30:30+00:00,2026-06-07 13:44:35+00:00,2026-06-07 13:52:26
Delhi,2026-06-07 13:00:00,2026-06-07 13:52:28,False,123,Unhealthy for Sensitive Groups,pm10,80,123,4.4,18.0,3.1,3.7,41.01,41.59,22,25.41,1000,2.3,255,W,6.35,10000,10.0,Clear,clear sky,0,2026-06-06 23:52:54+00:00,2026-06-07 13:47:14+00:00,2026-06-07 13:52:28
Pune,2021-01-01 02:00:00,2026-06-07 13:52:30,True,59,Moderate,pm25,59,26,3.2,27.7,3.7,6.1,36.34,36.69,30,22.34,1007,5.18,280,W,3.93,10000,10.0,Clouds,broken clouds,69,2026-06-07 00:27:25+00:00,2026-06-07 13:39:37+00:00,2026-06-07 13:52:30
Chennai,2026-06-07 13:00:00,2026-06-07 13:52:32,False,79,Moderate,pm25,79,51,5.4,13.0,10.1,1.9,37.71,44.71,45,26.71,1004,4.02,269,W,5.81,10000,10.0,Clouds,overcast clouds,100,2026-06-07 00:11:45+00:00,2026-06-07 13:03:53+00:00,2026-06-07 13:52:32
Kolkata,2026-06-07 13:00:00,2026-06-07 13:52:34,False,83,Moderate,pm25,83,48,10.5,11.8,5.2,4.0,35.21,40.39,48,24.81,1002,3.57,199,S,4.13,10000,10.0,Rain,light rain,100,2026-06-06 23:21:23+00:00,2026-06-07 12:49:30+00:00,2026-06-07 13:52:34
Mumbai,2026-06-05 01:00:00,2026-06-07 13:52:54,True,140,Unhealthy for Sensitive Groups,pm25,140,73,2.4,11.5,2.8,11.8,32.22,38.57,63,24.82,1007,4.4,250,W,4.67,10000,10.0,Clouds,overcast clouds,88,2026-06-07 00:30:30+00:00,2026-06-07 13:44:35+00:00,2026-06-07 13:52:55
Delhi,2026-06-07 13:00:00,2026-06-07 13:52:56,False,123,Unhealthy for Sensitive Groups,pm10,80,123,4.4,18.0,3.1,3.7,41.01,41.59,22,25.41,1000,2.3,255,W,6.35,10000,10.0,Clear,clear sky,0,2026-06-06 23:52:54+00:00,2026-06-07 13:47:14+00:00,2026-06-07 13:52:57
Pune,2021-01-01 02:00:00,2026-06-07 13:52:58,True,59,Moderate,pm25,59,26,3.2,27.7,3.7,6.1,36.34,36.69,30,22.34,1007,5.18,280,W,3.93,10000,10.0,Clouds,broken clouds,69,2026-06-07 00:27:25+00:00,2026-06-07 13:39:37+00:00,2026-06-07 13:52:59
Chennai,2026-06-07 13:00:00,2026-06-07 13:53:00,False,79,Moderate,pm25,79,51,5.4,13.0,10.1,1.9,37.71,44.71,45,26.71,1004,4.02,269,W,5.81,10000,10.0,Clouds,overcast clouds,100,2026-06-07 00:11:45+00:00,2026-06-07 13:03:53+00:00,2026-06-07 13:53:01
Kolkata,2026-06-07 13:00:00,2026-06-07 13:53:02,False,83,Moderate,pm25,83,48,10.5,11.8,5.2,4.0,35.21,40.39,48,24.81,1002,3.57,199,S,4.13,10000,10.0,Rain,light rain,100,2026-06-06 23:21:23+00:00,2026-06-07 12:49:30+00:00,2026-06-07 13:53:03
Mumbai,2026-06-05 01:00:00,2026-06-07 18:13:20,True,140,Unhealthy for Sensitive Groups,pm25,140,73,2.4,11.5,2.8,11.8,31.7,38.7,71,25.9,1006,5.98,265,W,7.07,10000,10.0,Clouds,scattered clouds,34,2026-06-07 00:30:30+00:00,2026-06-07 13:44:35+00:00,2026-06-07 18:13:21
Delhi,2026-06-07 18:00:00,2026-06-07 18:13:22,False,116,Unhealthy for Sensitive Groups,pm10,64,116,8.9,13.9,2.3,3.3,42.61,40.55,13,25.21,997,5.05,313,NW,8.32,10000,10.0,Clear,clear sky,5,2026-06-06 23:52:54+00:00,2026-06-07 13:47:14+00:00,2026-06-07 18:13:23
Pune,2021-01-01 02:00:00,2026-06-07 18:13:24,True,59,Moderate,pm25,59,26,3.2,27.7,3.7,6.1,30.64,33.21,56,21.84,1006,8.55,258,W,9.73,10000,10.0,Clouds,overcast clouds,99,2026-06-07 00:27:25+00:00,2026-06-07 13:39:37+00:00,2026-06-07 18:13:24
Chennai,2026-06-07 18:00:00,2026-06-07 18:13:26,False,76,Moderate,pm25,76,48,5.0,13.0,9.2,2.0,33.15,40.15,68,26.75,1005,3.13,151,SE,3.58,10000,10.0,Clouds,overcast clouds,100,2026-06-07 00:11:45+00:00,2026-06-07 13:03:53+00:00,2026-06-07 18:13:27
Kolkata,2026-06-07 18:00:00,2026-06-07 18:13:28,False,59,Moderate,pm25,59,39,17.6,8.2,5.8,3.7,33.94,38.26,50,23.94,1000,6.71,185,S,9.99,10000,10.0,Rain,moderate rain,73,2026-06-06 23:21:23+00:00,2026-06-07 12:49:30+00:00,2026-06-07 18:13:29
Mumbai,2026-06-05 01:00:00,2026-06-08 09:06:52,True,140,Unhealthy for Sensitive Groups,pm25,140,73,2.4,11.5,2.8,11.8,31.21,36.38,64,24.01,1009,1.92,251,W,2.83,10000,10.0,Clouds,overcast clouds,87,2026-06-08 00:30:31+00:00,2026-06-08 13:44:56+00:00,2026-06-08 09:06:53
Delhi,2026-06-08 09:00:00,2026-06-08 09:06:54,False,75,Moderate,pm10,63,75,11.3,8.3,2.8,2.3,38.62,39.83,28,24.22,1001,3.73,277,W,4.92,10000,10.0,Clear,clear sky,0,2026-06-07 23:52:49+00:00,2026-06-08 13:47:40+00:00,2026-06-08 09:06:54
Pune,2021-01-01 02:00:00,2026-06-08 09:06:56,True,59,Moderate,pm25,59,26,3.2,27.7,3.7,6.1,26.26,26.26,74,21.06,1010,4.1,264,W,6.79,10000,10.0,Clouds,overcast clouds,100,2026-06-08 00:27:26+00:00,2026-06-08 13:39:57+00:00,2026-06-08 09:06:57
Chennai,2026-06-08 07:00:00,2026-06-08 09:06:59,False,78,Moderate,pm25,78,50,5.4,12.2,10.5,2.5,34.13,40.12,54,24.93,1008,3.13,256,W,4.47,10000,10.0,Clouds,overcast clouds,100,2026-06-08 00:11:49+00:00,2026-06-08 13:04:10+00:00,2026-06-08 09:07:00
Kolkata,2026-06-08 08:00:00,2026-06-08 09:07:02,False,70,Moderate,pm25,70,35,8.7,5.2,4.5,4.4,36.33,41.36,44,25.13,1002,5.06,223,SW,5.82,10000,10.0,Clouds,broken clouds,75,2026-06-07 23:21:23+00:00,2026-06-08 12:49:53+00:00,2026-06-08 09:07:04
Mumbai,2026-06-05 01:00:00,2026-06-08 16:24:58,True,140,Unhealthy for Sensitive Groups,pm25,140,73,2.4,11.5,2.8,11.8,31.77,38.39,66,24.97,1006,5.36,251,W,5.88,10000,10.0,Clouds,broken clouds,55,2026-06-08 00:30:31+00:00,2026-06-08 13:44:56+00:00,2026-06-08 16:25:01
Delhi,2026-06-08 16:00:00,2026-06-08 16:25:02,False,117,Unhealthy for Sensitive Groups,pm10,72,117,6.0,19.0,4.6,2.6,44.69,41.4,9,26.49,995,5.95,304,NW,8.33,10000,10.0,Clouds,scattered clouds,39,2026-06-07 23:52:49+00:00,2026-06-08 13:47:40+00:00,2026-06-08 16:25:02
Pune,2021-01-01 02:00:00,2026-06-08 16:25:03,True,59,Moderate,pm25,59,26,3.2,27.7,3.7,6.1,30.44,33.26,58,22.04,1007,7.23,262,W,7.57,10000,10.0,Clouds,overcast clouds,88,2026-06-08 00:27:26+00:00,2026-06-08 13:39:57+00:00,2026-06-08 16:25:04
Chennai,2026-06-08 07:00:00,2026-06-08 16:25:05,False,78,Moderate,pm25,78,50,5.4,12.2,10.5,2.5,31.63,38.63,71,25.83,1003,4.39,130,SE,5.33,10000,10.0,Clouds,overcast clouds,97,2026-06-08 00:11:49+00:00,2026-06-08 13:04:10+00:00,2026-06-08 16:25:06
Kolkata,2026-06-08 14:00:00,2026-06-08 16:25:07,False,80,Moderate,pm25,80,53,8.8,10.5,4.1,4.3,38.97,42.84,34,25.77,997,5.85,219,SW,6.25,10000,10.0,Clouds,scattered clouds,30,2026-06-07 23:21:23+00:00,2026-06-08 12:49:53+00:00,2026-06-08 16:25:09
Mumbai,2026-06-05 01:00:00,2026-06-08 20:26:04,True,140,Unhealthy for Sensitive Groups,pm25,140,73,2.4,11.5,2.8,11.8,31.11,38.11,72,25.51,1008,6.91,246,SW,8.25,10000,10.0,Clouds,scattered clouds,49,2026-06-08 00:30:31+00:00,2026-06-08 13:44:56+00:00,2026-06-08 20:26:05
Delhi,2026-06-08 19:00:00,2026-06-08 20:26:07,False,81,Moderate,pm10,49,81,20.2,16.0,0.1,2.8,42.29,39.02,9,24.09,996,4.04,337,NW,7.88,10000,10.0,Clear,clear sky,0,2026-06-07 23:52:49+00:00,2026-06-08 13:47:40+00:00,2026-06-08 20:26:08
Pune,2021-01-01 02:00:00,2026-06-08 20:26:10,True,59,Moderate,pm25,59,26,3.2,27.7,3.7,6.1,26.32,26.32,75,21.32,1009,7.35,255,W,11.92,10000,10.0,Clouds,overcast clouds,92,2026-06-08 00:27:26+00:00,2026-06-08 13:39:57+00:00,2026-06-08 20:26:10
Chennai,2026-06-08 19:00:00,2026-06-08 20:26:12,False,75,Moderate,pm25,75,47,5.2,12.5,11.0,1.9,31.84,38.84,77,27.24,1006,0.45,208,SW,0.89,10000,10.0,Clouds,overcast clouds,100,2026-06-08 00:11:49+00:00,2026-06-08 13:04:10+00:00,2026-06-08 20:26:12
Kolkata,2026-06-08 19:00:00,2026-06-08 20:26:14,False,100,Moderate,pm25,100,58,10.5,7.8,3.6,4.4,31.82,38.82,74,26.62,1000,7.42,186,S,11.35,10000,10.0,Clouds,broken clouds,81,2026-06-07 23:21:23+00:00,2026-06-08 12:49:53+00:00,2026-06-08 20:26:14
Mumbai,2026-06-10 09:00:00,2026-06-10 10:09:37,False,91,Moderate,pm25,91,53,2.2,11.6,2.4,11.8,30.66,36.7,70,24.66,1009,6.05,281,W,6.07,10000,10.0,Clouds,broken clouds,71,2026-06-10 00:30:36+00:00,2026-06-10 13:45:35+00:00,2026-06-10 10:09:37
Delhi,2026-06-10 10:00:00,2026-06-10 10:09:40,False,101,Unhealthy for Sensitive Groups,pm10,74,101,8.6,7.4,3.7,1.0,40.64,41.38,23,25.24,1000,4.78,268,W,6.52,10000,10.0,Clear,clear sky,0,2026-06-09 23:52:44+00:00,2026-06-10 13:48:30+00:00,2026-06-10 10:09:41
Pune,2021-01-01 02:00:00,2026-06-10 10:09:43,True,59,Moderate,pm25,59,26,3.2,27.7,3.7,6.1,30.78,30.92,42,19.18,1010,6.12,271,W,7.66,10000,10.0,Clouds,overcast clouds,95,2026-06-10 00:27:32+00:00,2026-06-10 13:40:36+00:00,2026-06-10 10:09:44
Chennai,2026-06-10 09:00:00,2026-06-10 10:09:46,False,81,Moderate,pm25,81,51,4.7,12.8,10.3,2.1,34.25,41.2,56,25.45,1008,3.58,292,W,4.02,10000,10.0,Clouds,overcast clouds,100,2026-06-10 00:12:00+00:00,2026-06-10 13:04:44+00:00,2026-06-10 10:09:47
Kolkata,2026-06-10 09:00:00,2026-06-10 10:09:50,False,79,Moderate,pm25,79,55,7.4,10.1,3.7,4.1,38.25,44.48,41,26.45,1002,5.37,200,S,5.72,10000,10.0,Clouds,few clouds,11,2026-06-09 23:21:24+00:00,2026-06-10 12:50:36+00:00,2026-06-10 10:09:51
Mumbai,2026-06-10 10:00:00,2026-06-10 13:08:42,False,87,Moderate,pm25,87,51,2.0,11.5,2.2,11.9,31.39,38.02,68,24.99,1007,6.14,270,W,6.33,10000,10.0,Clouds,scattered clouds,49,2026-06-10 00:30:36+00:00,2026-06-10 13:45:35+00:00,2026-06-10 13:08:43
Delhi,2026-06-10 13:00:00,2026-06-10 13:08:45,False,123,Unhealthy for Sensitive Groups,pm10,65,123,3.8,9.5,4.6,1.3,43.97,43.04,15,26.97,997,3.93,273,W,9.26,10000,10.0,Clear,clear sky,0,2026-06-09 23:52:44+00:00,2026-06-10 13:48:30+00:00,2026-06-10 13:08:45
Pune,2021-01-01 02:00:00,2026-06-10 13:08:47,True,59,Moderate,pm25,59,26,3.2,27.7,3.7,6.1,34.11,34.21,34,20.91,1007,7.92,262,W,8.17,10000,10.0,Clouds,overcast clouds,87,2026-06-10 00:27:32+00:00,2026-06-10 13:40:36+00:00,2026-06-10 13:08:47
Chennai,2026-06-10 09:00:00,2026-06-10 13:08:49,False,81,Moderate,pm25,81,51,4.7,12.8,10.3,2.1,37.83,44.83,46,27.03,1005,2.68,292,W,3.13,10000,10.0,Clouds,overcast clouds,100,2026-06-10 00:12:00+00:00,2026-06-10 13:04:44+00:00,2026-06-10 13:08:50
Kolkata,2026-06-10 10:00:00,2026-06-10 13:08:52,False,68,Moderate,pm25,68,54,7.1,11.7,3.8,3.3,40.71,45.54,32,27.11,999,5.74,188,S,5.5,10000,10.0,Clear,clear sky,6,2026-06-09 23:21:24+00:00,2026-06-10 12:50:36+00:00,2026-06-10 13:08:53
Mumbai,2026-06-10 16:00:00,2026-06-10 16:46:54,False,151,Unhealthy,pm25,151,79,2.1,11.7,2.2,11.9,31.43,38.43,71,25.63,1006,6.29,254,W,6.98,10000,10.0,Clouds,scattered clouds,31,2026-06-10 00:30:36+00:00,2026-06-10 13:45:35+00:00,2026-06-10 16:46:55
Delhi,2026-06-10 16:00:00,2026-06-10 16:46:56,False,132,Unhealthy for Sensitive Groups,pm10,83,132,3.0,15.4,3.1,2.6,44.98,43.44,13,27.58,994,7.41,269,W,9.23,10000,10.0,Clouds,scattered clouds,29,2026-06-09 23:52:44+00:00,2026-06-10 13:48:30+00:00,2026-06-10 16:46:57
Pune,2021-01-01 02:00:00,2026-06-10 16:46:58,True,59,Moderate,pm25,59,26,3.2,27.7,3.7,6.1,34.11,34.21,34,20.91,1006,7.72,261,W,7.88,10000,10.0,Clouds,overcast clouds,94,2026-06-10 00:27:32+00:00,2026-06-10 13:40:36+00:00,2026-06-10 16:46:59
Chennai,2026-06-10 16:00:00,2026-06-10 16:47:01,False,78,Moderate,pm25,78,49,6.2,13.2,11.4,2.1,35.53,42.53,54,26.33,1003,1.79,293,NW,3.58,10000,10.0,Clouds,overcast clouds,100,2026-06-10 00:12:00+00:00,2026-06-10 13:04:44+00:00,2026-06-10 16:47:01
Kolkata,2026-06-10 16:00:00,2026-06-10 16:47:03,False,90,Moderate,pm25,90,59,9.3,14.6,3.6,2.7,38.5,43.18,37,25.9,997,8.16,180,S,6.96,10000,10.0,Rain,heavy intensity rain,35,2026-06-09 23:21:24+00:00,2026-06-10 12:50:36+00:00,2026-06-10 16:47:04
Mumbai,2026-06-10 16:00:00,2026-06-10 18:07:44,False,151,Unhealthy,pm25,151,79,2.1,11.7,2.2,11.9,31.37,38.37,72,25.77,1006,7.44,270,W,8.54,10000,10.0,Clouds,overcast clouds,100,2026-06-10 00:30:36+00:00,2026-06-10 13:45:35+00:00,2026-06-10 18:07:44
Delhi,2026-06-10 17:00:00,2026-06-10 18:07:45,False,121,Unhealthy for Sensitive Groups,pm10,78,121,6.0,16.3,4.6,2.6,43.7,42.68,15,26.7,994,6.67,266,W,8.86,10000,10.0,Clear,clear sky,0,2026-06-09 23:52:44+00:00,2026-06-10 13:48:30+00:00,2026-06-10 18:07:46
Pune,2021-01-01 02:00:00,2026-06-10 18:07:47,True,59,Moderate,pm25,59,26,3.2,27.7,3.7,6.1,29.79,32.07,58,21.39,1007,8.42,259,W,9.36,10000,10.0,Clear,clear sky,6,2026-06-10 00:27:32+00:00,2026-06-10 13:40:36+00:00,2026-06-10 18:07:48
Chennai,2026-06-10 16:00:00,2026-06-10 18:07:49,False,78,Moderate,pm25,78,49,6.2,13.2,11.4,2.1,34.97,41.97,56,26.17,1003,1.34,217,SW,1.34,10000,10.0,Clouds,overcast clouds,100,2026-06-10 00:12:00+00:00,2026-06-10 13:04:44+00:00,2026-06-10 18:07:50
Kolkata,2026-06-10 16:00:00,2026-06-10 18:07:55,False,90,Moderate,pm25,90,59,9.3,14.6,3.6,2.7,34.33,40.23,53,24.93,999,7.47,170,S,8.87,10000,10.0,Rain,moderate rain,13,2026-06-09 23:21:24+00:00,2026-06-10 12:50:36+00:00,2026-06-10 18:07:55
Mumbai,2026-06-11 13:00:00,2026-06-11 13:44:02,False,146,Unhealthy for Sensitive Groups,pm25,146,75,2.2,11.6,2.4,11.8,31.05,37.43,69,24.85,1006,6.02,253,W,6.1,10000,10.0,Clouds,overcast clouds,92,2026-06-11 00:30:40+00:00,2026-06-11 13:45:54+00:00,2026-06-11 13:44:03
Delhi,2026-06-11 13:00:00,2026-06-11 13:44:04,False,83,Moderate,pm25,83,69,12.3,13.6,1.9,34.0,43.32,43.94,19,27.12,998,1.18,166,S,4.43,10000,10.0,Clear,clear sky,0,2026-06-10 23:52:43+00:00,2026-06-11 13:48:54+00:00,2026-06-11 13:44:05
Pune,2021-01-01 02:00:00,2026-06-11 13:44:06,True,59,Moderate,pm25,59,26,3.2,27.7,3.7,6.1,35.22,35.68,33,21.82,1006,5.91,265,W,5.24,10000,10.0,Clouds,overcast clouds,100,2026-06-11 00:27:36+00:00,2026-06-11 13:40:54+00:00,2026-06-11 13:44:07
Chennai,2026-06-11 13:00:00,2026-06-11 13:44:08,False,72,Moderate,pm25,72,44,5.5,11.1,9.6,1.9,32.43,39.11,63,25.03,1005,0.45,118,SE,0.89,10000,10.0,Rain,light rain,100,2026-06-11 00:12:06+00:00,2026-06-11 13:05:00+00:00,2026-06-11 13:44:09
Kolkata,2026-06-11 13:00:00,2026-06-11 13:44:10,False,65,Moderate,pm25,65,39,9.4,10.8,3.1,2.6,35.83,40.63,45,24.83,1001,5.89,133,SE,5.82,10000,10.0,Rain,light rain,94,2026-06-10 23:21:26+00:00,2026-06-11 12:50:56+00:00,2026-06-11 13:44:11
Mumbai,2026-06-11 15:00:00,2026-06-11 16:07:00,False,153,Unhealthy,pm25,153,82,2.1,11.5,2.3,11.9,31.01,37.93,71,25.21,1005,6.88,237,SW,6.97,10000,10.0,Clouds,overcast clouds,93,2026-06-11 00:30:40+00:00,2026-06-11 13:45:54+00:00,2026-06-11 16:07:02
Delhi,2026-06-11 16:00:00,2026-06-11 16:07:03,False,77,Moderate,pm10,55,77,12.5,17.4,2.2,3.7,35.28,35.3,31,21.48,999,3.35,8,N,4.57,10000,10.0,Clouds,few clouds,13,2026-06-10 23:52:43+00:00,2026-06-11 13:48:54+00:00,2026-06-11 16:07:04
Pune,2021-01-01 02:00:00,2026-06-11 16:07:05,True,59,Moderate,pm25,59,26,3.2,27.7,3.7,6.1,35.22,35.44,32,21.62,1005,7.02,270,W,6.43,10000,10.0,Clouds,overcast clouds,95,2026-06-11 00:27:36+00:00,2026-06-11 13:40:54+00:00,2026-06-11 16:07:06
Chennai,2026-06-11 15:00:00,2026-06-11 16:07:07,False,79,Moderate,pm25,79,50,5.0,11.6,9.0,2.2,31.88,38.88,72,26.28,1004,0.45,241,SW,0.89,10000,10.0,Clouds,overcast clouds,100,2026-06-11 00:12:06+00:00,2026-06-11 13:05:00+00:00,2026-06-11 16:07:08
Kolkata,2026-06-11 15:00:00,2026-06-11 16:07:09,False,82,Moderate,pm25,82,45,9.9,7.9,3.0,3.0,33.36,36.73,49,23.16,1000,4.32,176,S,7.54,10000,10.0,Clouds,broken clouds,82,2026-06-10 23:21:26+00:00,2026-06-11 12:50:56+00:00,2026-06-11 16:07:10
Mumbai,2026-06-11 22:00:00,2026-06-11 22:35:49,False,100,Moderate,pm25,100,57,2.4,11.5,2.8,11.9,30.75,37.52,72,25.15,1007,7.51,240,SW,7.44,10000,10.0,Clouds,overcast clouds,95,2026-06-11 00:30:40+00:00,2026-06-11 13:45:54+00:00,2026-06-11 22:35:52
Delhi,2026-06-11 22:00:00,2026-06-11 22:35:54,False,64,Moderate,pm25,64,62,15.3,12.6,2.3,3.3,35.31,34.51,27,20.71,999,5.03,157,SE,8.9,10000,10.0,Clouds,broken clouds,73,2026-06-10 23:52:43+00:00,2026-06-11 13:48:54+00:00,2026-06-11 22:35:56
Pune,2021-01-01 02:00:00,2026-06-11 22:35:58,True,59,Moderate,pm25,59,26,3.2,27.7,3.7,6.1,28.56,29.0,49,18.36,1009,6.24,257,W,10.26,10000,10.0,Clouds,scattered clouds,35,2026-06-11 00:27:36+00:00,2026-06-11 13:40:54+00:00,2026-06-11 22:36:00
Chennai,2026-06-11 22:00:00,2026-06-11 22:36:03,False,75,Moderate,pm25,75,47,5.2,12.2,9.1,2.2,30.99,37.99,78,26.59,1008,1.34,216,SW,3.13,10000,10.0,Clouds,overcast clouds,87,2026-06-11 00:12:06+00:00,2026-06-11 13:05:00+00:00,2026-06-11 22:36:05
Kolkata,2026-06-11 22:00:00,2026-06-11 22:36:06,False,73,Moderate,pm25,73,41,16.3,5.6,5.1,2.7,26.98,29.51,78,22.58,1005,3.89,79,E,5.82,10000,10.0,Rain,moderate rain,100,2026-06-10 23:21:26+00:00,2026-06-11 12:50:56+00:00,2026-06-11 22:36:08
Mumbai,2026-06-11 23:00:00,2026-06-12 00:00:38,False,109,Unhealthy for Sensitive Groups,pm25,109,61,2.5,11.7,3.1,11.9,30.47,36.76,72,24.87,1007,6.84,230,SW,7.56,10000,10.0,Clouds,overcast clouds,95,2026-06-12 00:30:45+00:00,2026-06-12 13:46:12+00:00,2026-06-12 00:00:38
Delhi,2026-06-11 23:00:00,2026-06-12 00:00:39,False,58,Moderate,pm10,53,58,13.7,12.7,2.6,3.5,33.96,33.06,29,19.76,1001,3.88,86,E,7.06,10000,10.0,Clear,clear sky,0,2026-06-11 23:52:44+00:00,2026-06-12 13:49:16+00:00,2026-06-12 00:00:40
Pune,2021-01-01 02:00:00,2026-06-12 00:00:41,True,59,Moderate,pm25,59,26,3.2,27.7,3.7,6.1,27.45,27.93,51,17.65,1008,5.73,258,W,9.84,10000,10.0,Clouds,broken clouds,51,2026-06-12 00:27:41+00:00,2026-06-12 13:41:13+00:00,2026-06-12 00:00:42
Chennai,2026-06-11 23:00:00,2026-06-12 00:00:43,False,80,Moderate,pm25,80,51,5.1,12.7,10.0,2.2,30.75,37.75,79,26.55,1007,1.79,172,S,2.68,10000,10.0,Clouds,overcast clouds,92,2026-06-12 00:12:13+00:00,2026-06-12 13:05:17+00:00,2026-06-12 00:00:43
Kolkata,2026-06-11 23:00:00,2026-06-12 00:00:44,False,73,Moderate,pm25,73,38,10.0,8.2,3.6,1.9,27.07,29.8,79,22.87,1005,4.15,114,SE,5.58,10000,10.0,Rain,moderate rain,100,2026-06-11 23:21:30+00:00,2026-06-12 12:51:16+00:00,2026-06-12 00:00:45
Mumbai,2026-06-12 12:00:00,2026-06-12 12:22:37,False,123,Unhealthy for Sensitive Groups,pm25,123,66,2.2,11.5,2.5,11.9,31.3,37.79,68,24.9,1008,7.02,254,W,7.45,10000,10.0,Clear,clear sky,2,2026-06-12 00:30:45+00:00,2026-06-12 13:46:12+00:00,2026-06-12 12:22:38
Delhi,2026-06-12 12:00:00,2026-06-12 12:22:39,False,39,Good,pm10,30,39,12.3,12.5,2.2,1.5,38.35,39.05,27,23.75,1003,4.35,135,SE,5.03,10000,10.0,Clear,clear sky,8,2026-06-11 23:52:44+00:00,2026-06-12 13:49:16+00:00,2026-06-12 12:22:42
Pune,2021-01-01 02:00:00,2026-06-12 12:22:43,True,59,Moderate,pm25,59,26,3.2,27.7,3.7,6.1,34.11,34.42,35,21.11,1008,7.05,260,W,6.87,10000,10.0,Clear,clear sky,3,2026-06-12 00:27:41+00:00,2026-06-12 13:41:13+00:00,2026-06-12 12:22:44
Chennai,2026-06-12 12:00:00,2026-06-12 12:22:46,False,73,Moderate,pm25,73,45,5.1,12.9,9.4,2.5,32.76,39.76,63,25.36,1007,0.89,226,SW,2.24,10000,10.0,Clouds,overcast clouds,100,2026-06-12 00:12:13+00:00,2026-06-12 13:05:17+00:00,2026-06-12 12:22:48
Kolkata,2026-06-12 12:00:00,2026-06-12 12:22:50,False,86,Moderate,pm25,86,54,13.8,7.9,4.3,5.0,36.74,41.46,42,25.14,1004,1.71,183,S,2.12,10000,10.0,Clouds,overcast clouds,100,2026-06-11 23:21:30+00:00,2026-06-12 12:51:16+00:00,2026-06-12 12:22:51
Mumbai,2026-06-12 20:00:00,2026-06-12 20:21:08,False,127,Unhealthy for Sensitive Groups,pm25,127,68,2.2,11.5,2.4,11.9,31.37,38.37,72,25.77,1008,6.35,251,W,7.16,10000,10.0,Clouds,overcast clouds,100,2026-06-12 00:30:45+00:00,2026-06-12 13:46:12+00:00,2026-06-12 20:21:09
Delhi,2026-06-12 20:00:00,2026-06-12 20:21:11,False,63,Moderate,pm25,63,56,11.2,10.0,3.1,4.9,37.21,38.1,30,23.21,1002,1.73,121,SE,2.51,10000,10.0,Clear,clear sky,1,2026-06-11 23:52:44+00:00,2026-06-12 13:49:16+00:00,2026-06-12 20:21:12
Pune,2021-01-01 02:00:00,2026-06-12 20:21:14,True,59,Moderate,pm25,59,26,3.2,27.7,3.7,6.1,29.11,29.44,47,18.51,1009,7.58,258,W,10.11,10000,10.0,Clouds,few clouds,22,2026-06-12 00:27:41+00:00,2026-06-12 13:41:13+00:00,2026-06-12 20:21:16
Chennai,2026-06-12 20:00:00,2026-06-12 20:21:18,False,75,Moderate,pm25,75,47,4.9,11.7,9.5,2.2,30.47,37.04,73,25.07,1008,0.89,198,S,0.89,10000,10.0,Clouds,overcast clouds,87,2026-06-12 00:12:13+00:00,2026-06-12 13:05:17+00:00,2026-06-12 20:21:20
Kolkata,2026-06-12 20:00:00,2026-06-12 20:21:22,False,90,Moderate,pm25,90,55,12.4,9.5,4.2,4.7,30.67,36.17,68,24.27,1005,5.98,166,S,8.24,10000,10.0,Clouds,overcast clouds,95,2026-06-11 23:21:30+00:00,2026-06-12 12:51:16+00:00,2026-06-12 20:21:23
Mumbai,2026-06-13 15:00:00,2026-06-13 15:22:11,False,163,Unhealthy,pm25,163,99,2.2,11.6,2.4,11.9,31.55,38.55,70,25.55,1008,6.15,266,W,5.95,10000,10.0,Clouds,scattered clouds,50,2026-06-13 00:30:50+00:00,2026-06-13 13:46:30+00:00,2026-06-13 15:22:11
Delhi,2026-06-13 15:00:00,2026-06-13 15:22:13,False,82,Moderate,pm10,82,82,12.0,30.2,2.8,7.4,40.32,39.52,19,24.12,1000,3.32,307,NW,5.07,10000,10.0,Clear,clear sky,0,2026-06-12 23:52:45+00:00,2026-06-13 13:49:38+00:00,2026-06-13 15:22:14
Pune,2021-01-01 02:00:00,2026-06-13 15:22:15,True,59,Moderate,pm25,59,26,3.2,27.7,3.7,6.1,34.21,37.85,47,23.61,1008,5.88,274,W,5.37,10000,10.0,Clouds,broken clouds,63,2026-06-13 00:27:47+00:00,2026-06-13 13:41:30+00:00,2026-06-13 15:22:17
Chennai,2026-06-13 15:00:00,2026-06-13 15:22:18,False,79,Moderate,pm25,79,50,4.7,12.5,9.4,2.3,32.89,39.89,67,26.29,1005,0.89,164,S,2.24,10000,10.0,Clouds,overcast clouds,100,2026-06-13 00:12:21+00:00,2026-06-13 13:05:33+00:00,2026-06-13 15:22:19
Kolkata,2026-06-13 15:00:00,2026-06-13 15:22:21,False,93,Moderate,pm25,93,52,10.2,9.9,3.3,6.3,36.23,41.96,46,25.43,1001,4.34,190,S,3.72,10000,10.0,Clouds,broken clouds,82,2026-06-12 23:21:34+00:00,2026-06-13 12:51:35+00:00,2026-06-13 15:22:22
Mumbai,2026-06-13 21:00:00,2026-06-13 21:51:22,False,90,Moderate,pm25,90,53,2.3,11.6,2.5,11.9,30.93,37.93,73,25.53,1009,7.49,267,W,7.8,10000,10.0,Clouds,broken clouds,55,2026-06-13 00:30:50+00:00,2026-06-13 13:46:30+00:00,2026-06-13 21:51:23
Delhi,2026-06-13 21:00:00,2026-06-13 21:51:27,False,95,Moderate,pm10,48,95,47.2,5.8,6.3,5.3,35.09,34.8,30,21.09,1002,3.18,220,SW,4.06,10000,10.0,Clear,clear sky,0,2026-06-12 23:52:45+00:00,2026-06-13 13:49:38+00:00,2026-06-13 21:51:28
Pune,2021-01-01 02:00:00,2026-06-13 21:51:29,True,59,Moderate,pm25,59,26,3.2,27.7,3.7,6.1,27.99,28.1,46,17.19,1010,0.45,246,SW,,10000,10.0,Clouds,scattered clouds,25,2026-06-13 00:27:47+00:00,2026-06-13 13:41:30+00:00,2026-06-13 21:51:30
Chennai,2026-06-13 21:00:00,2026-06-13 21:51:32,False,77,Moderate,pm25,77,49,5.1,12.3,10.3,2.1,31.04,38.04,76,26.24,1008,3.58,215,SW,3.58,10000,10.0,Clouds,overcast clouds,100,2026-06-13 00:12:21+00:00,2026-06-13 13:05:33+00:00,2026-06-13 21:51:33
Kolkata,2026-06-13 21:00:00,2026-06-13 21:51:34,False,101,Unhealthy for Sensitive Groups,pm25,101,46,11.5,7.7,3.9,6.4,30.42,36.08,70,24.42,1004,5.8,170,S,8.76,10000,10.0,Clouds,scattered clouds,28,2026-06-12 23:21:34+00:00,2026-06-13 12:51:35+00:00,2026-06-13 21:51:35
Mumbai,2026-06-14 13:00:00,2026-06-14 13:08:06,False,122,Unhealthy for Sensitive Groups,pm25,122,66,2.2,11.6,2.2,11.9,31.2,37.22,67,24.6,1009,6.06,260,W,6.81,10000,10.0,Clear,clear sky,3,2026-06-14 00:30:57+00:00,2026-06-14 13:46:48+00:00,2026-06-14 13:08:06
Delhi,2026-06-14 13:00:00,2026-06-14 13:08:08,False,80,Moderate,pm10,74,80,4.7,18.9,1.9,3.7,39.45,39.19,22,23.85,1001,1.82,241,SW,5.04,10000,10.0,Clear,clear sky,0,2026-06-13 23:52:48+00:00,2026-06-14 13:49:59+00:00,2026-06-14 13:08:09
Pune,2021-01-01 02:00:00,2026-06-14 13:08:11,True,59,Moderate,pm25,59,26,3.2,27.7,3.7,6.1,34.35,33.76,30,20.35,1009,0.45,194,S,,10000,10.0,Clear,clear sky,0,2026-06-14 00:27:53+00:00,2026-06-14 13:41:48+00:00,2026-06-14 13:08:13
Chennai,2026-06-14 13:00:00,2026-06-14 13:08:15,False,78,Moderate,pm25,78,50,5.2,12.7,11.7,2.2,35.47,42.47,52,25.87,1005,2.68,176,S,3.58,10000,10.0,Clouds,overcast clouds,90,2026-06-14 00:12:29+00:00,2026-06-14 13:05:48+00:00,2026-06-14 13:08:17
Kolkata,2026-06-14 12:00:00,2026-06-14 13:08:20,False,109,Unhealthy for Sensitive Groups,pm25,109,53,8.9,10.4,3.4,4.3,37.51,42.32,40,25.51,1001,2.98,204,SW,3.26,10000,10.0,Clouds,scattered clouds,49,2026-06-13 23:21:39+00:00,2026-06-14 12:51:54+00:00,2026-06-14 13:08:21
Mumbai,2026-06-14 20:00:00,2026-06-14 20:55:25,False,97,Moderate,pm25,97,56,2.5,11.5,2.9,11.9,30.75,37.22,71,24.95,1009,6.53,283,W,7.65,10000,10.0,Clouds,scattered clouds,42,2026-06-14 00:30:57+00:00,2026-06-14 13:46:48+00:00,2026-06-14 20:55:25
Delhi,2026-06-14 20:00:00,2026-06-14 20:55:26,False,113,Unhealthy for Sensitive Groups,pm10,95,113,26.1,12.9,4.1,3.9,39.36,38.76,21,23.56,999,3.86,273,W,4.95,10000,10.0,Clear,clear sky,0,2026-06-13 23:52:48+00:00,2026-06-14 13:49:59+00:00,2026-06-14 20:55:27
Pune,2021-01-01 02:00:00,2026-06-14 20:55:28,True,59,Moderate,pm25,59,26,3.2,27.7,3.7,6.1,27.99,28.1,46,17.19,1010,0.45,239,SW,,10000,10.0,Clear,clear sky,7,2026-06-14 00:27:53+00:00,2026-06-14 13:41:48+00:00,2026-06-14 20:55:30
Chennai,2026-06-14 20:00:00,2026-06-14 20:55:32,False,73,Moderate,pm25,73,45,4.7,13.4,10.2,2.1,30.84,37.77,72,25.24,1007,2.68,186,S,3.13,10000,10.0,Clouds,overcast clouds,95,2026-06-14 00:12:29+00:00,2026-06-14 13:05:48+00:00,2026-06-14 20:55:33
Kolkata,2026-06-14 20:00:00,2026-06-14 20:55:35,False,88,Moderate,pm25,88,51,6.7,9.5,2.4,4.2,28.24,30.85,68,21.84,1002,5.33,228,SW,9.47,10000,10.0,Clouds,overcast clouds,100,2026-06-13 23:21:39+00:00,2026-06-14 12:51:54+00:00,2026-06-14 20:55:36
Mumbai,2026-06-15 10:00:00,2026-06-15 10:26:07,False,76,Moderate,pm25,76,43,2.3,11.7,2.6,11.9,31.24,37.33,67,24.64,1010,6.36,287,W,6.25,10000,10.0,Clouds,overcast clouds,93,2026-06-15 00:31:04+00:00,2026-06-15 13:47:05+00:00,2026-06-15 10:26:08
Delhi,2026-06-15 10:00:00,2026-06-15 10:26:10,False,120,Unhealthy for Sensitive Groups,pm10,78,120,12.8,7.1,2.5,5.3,36.91,36.31,25,21.91,1003,2.53,291,W,3.55,10000,10.0,Clouds,scattered clouds,43,2026-06-14 23:52:53+00:00,2026-06-15 13:50:18+00:00,2026-06-15 10:26:11
Pune,2021-01-01 02:00:00,2026-06-15 10:26:12,True,59,Moderate,pm25,59,26,3.2,27.7,3.7,6.1,32.5,31.81,33,19.1,1011,0.45,212,SW,,10000,10.0,Clouds,few clouds,15,2026-06-15 00:28:00+00:00,2026-06-15 13:42:04+00:00,2026-06-15 10:26:13
Chennai,2026-06-15 10:00:00,2026-06-15 10:26:14,False,76,Moderate,pm25,76,48,5.3,13.7,9.1,2.0,35.43,42.43,55,26.43,1007,1.79,113,SE,3.13,10000,10.0,Clouds,overcast clouds,98,2026-06-15 00:12:38+00:00,2026-06-15 13:06:03+00:00,2026-06-15 10:26:17
Kolkata,2026-06-15 10:00:00,2026-06-15 10:26:19,False,88,Moderate,pm25,88,49,13.9,9.5,3.1,5.9,36.42,40.76,42,24.82,1003,3.05,201,S,2.64,10000,10.0,Clouds,scattered clouds,26,2026-06-14 23:21:45+00:00,2026-06-15 12:52:12+00:00,2026-06-15 10:26:20
Mumbai,2026-06-15 23:00:00,2026-06-15 23:34:07,False,60,Moderate,pm25,60,30,2.4,11.7,2.8,11.9,30.81,35.97,66,24.01,1009,6.38,286,W,6.26,10000,10.0,Clouds,broken clouds,62,2026-06-15 00:31:04+00:00,2026-06-15 13:47:05+00:00,2026-06-15 23:34:08
Delhi,2026-06-15 23:00:00,2026-06-15 23:34:09,False,103,Unhealthy for Sensitive Groups,pm25,103,83,38.0,2.1,7.3,4.3,32.44,32.04,35,19.44,1004,4.12,201,S,5.03,10000,10.0,Clouds,overcast clouds,94,2026-06-14 23:52:53+00:00,2026-06-15 13:50:18+00:00,2026-06-15 23:34:10
Pune,2021-01-01 02:00:00,2026-06-15 23:34:12,True,59,Moderate,pm25,59,26,3.2,27.7,3.7,6.1,27.45,27.65,47,16.85,1011,4.24,271,W,8.21,10000,10.0,Clouds,scattered clouds,32,2026-06-15 00:28:00+00:00,2026-06-15 13:42:04+00:00,2026-06-15 23:34:13
Chennai,2026-06-15 23:00:00,2026-06-15 23:34:15,False,72,Moderate,pm25,72,44,4.9,12.6,10.1,2.1,31.92,38.92,70,25.92,1006,0.89,166,S,0.89,10000,10.0,Clouds,overcast clouds,100,2026-06-15 00:12:38+00:00,2026-06-15 13:06:03+00:00,2026-06-15 23:34:16
Kolkata,2026-06-15 23:00:00,2026-06-15 23:34:17,False,77,Moderate,pm25,77,50,6.1,9.0,2.0,3.2,30.08,36.52,75,25.08,1004,5.07,180,S,7.52,10000,10.0,Clear,clear sky,9,2026-06-14 23:21:45+00:00,2026-06-15 12:52:12+00:00,2026-06-15 23:34:18
Mumbai,2026-06-16 09:00:00,2026-06-16 09:54:10,False,87,Moderate,pm25,87,51,2.2,11.6,2.3,11.9,31.36,36.17,62,23.76,1010,4.26,250,W,4.59,10000,10.0,Clouds,broken clouds,84,2026-06-16 00:31:12+00:00,2026-06-16 13:47:21+00:00,2026-06-16 09:54:11
Delhi,2026-06-16 09:00:00,2026-06-16 09:54:13,False,158,Unhealthy,pm25,158,127,21.0,7.1,2.8,9.2,35.9,35.77,29,21.7,1005,2.63,275,W,3.34,10000,10.0,Clear,clear sky,1,2026-06-15 23:52:58+00:00,2026-06-16 13:50:37+00:00,2026-06-16 09:54:15
Pune,2021-01-01 02:00:00,2026-06-16 09:54:16,True,59,Moderate,pm25,59,26,3.2,27.7,3.7,6.1,30.22,30.2,42,18.62,1013,4.45,286,W,6.14,10000,10.0,Clouds,few clouds,13,2026-06-16 00:28:08+00:00,2026-06-16 13:42:20+00:00,2026-06-16 09:54:17
Chennai,2026-06-16 09:00:00,2026-06-16 09:54:18,False,76,Moderate,pm25,76,48,5.4,12.8,8.4,2.3,35.77,42.77,53,26.37,1007,0.89,21,N,2.68,10000,10.0,Clouds,overcast clouds,100,2026-06-16 00:12:47+00:00,2026-06-16 13:06:18+00:00,2026-06-16 09:54:19
Kolkata,2026-06-16 09:00:00,2026-06-16 09:54:20,False,74,Moderate,pm25,74,45,8.0,10.2,2.8,3.8,35.51,40.69,47,24.91,1005,3.74,188,S,3.76,10000,10.0,Clouds,few clouds,23,2026-06-15 23:21:52+00:00,2026-06-16 12:52:29+00:00,2026-06-16 09:54:21
Mumbai,2026-06-17 10:00:00,2026-06-17 11:12:53,False,65,Moderate,pm25,65,34,2.3,11.6,2.5,11.9,30.9,34.88,61,23.1,1010,5.83,242,SW,5.42,10000,10.0,Clouds,broken clouds,63,2026-06-17 00:31:20+00:00,2026-06-17 13:47:36+00:00,2026-06-17 11:12:55
Delhi,2026-06-17 11:00:00,2026-06-17 11:12:56,False,154,Unhealthy,pm25,154,99,8.3,19.8,3.1,13.6,37.47,37.93,28,23.07,1004,2.52,254,W,2.91,10000,10.0,Clear,clear sky,10,2026-06-16 23:53:04+00:00,2026-06-17 13:50:55+00:00,2026-06-17 11:12:58
Pune,2021-01-01 02:00:00,2026-06-17 11:12:59,True,59,Moderate,pm25,59,26,3.2,27.7,3.7,6.1,32.3,31.7,34,19.1,1011,5.04,279,W,4.94,10000,10.0,Clouds,broken clouds,54,2026-06-17 00:28:17+00:00,2026-06-17 13:42:36+00:00,2026-06-17 11:13:00
Chennai,2026-06-17 10:00:00,2026-06-17 11:13:02,False,74,Moderate,pm25,74,46,4.9,14.2,10.1,2.5,34.85,41.85,60,26.85,1007,1.34,225,SW,3.13,10000,10.0,Clouds,overcast clouds,95,2026-06-17 00:12:57+00:00,2026-06-17 13:06:33+00:00,2026-06-17 11:13:03
Kolkata,2026-06-17 10:00:00,2026-06-17 11:13:05,False,67,Moderate,pm25,67,41,7.2,8.5,2.9,3.1,37.91,43.68,41,26.11,1004,4.45,196,S,3.54,10000,10.0,Clear,clear sky,6,2026-06-16 23:22:00+00:00,2026-06-17 12:52:45+00:00,2026-06-17 11:13:06
Mumbai,2026-06-17 18:00:00,2026-06-17 18:56:33,False,111,Unhealthy for Sensitive Groups,pm25,111,62,2.3,11.6,2.5,11.9,30.77,35.61,65,23.77,1008,6.08,263,W,6.49,10000,10.0,Clouds,few clouds,11,2026-06-17 00:31:20+00:00,2026-06-17 13:47:36+00:00,2026-06-17 18:56:33
Delhi,2026-06-17 18:00:00,2026-06-17 18:56:35,False,79,Moderate,pm10,75,79,7.7,22.9,1.9,7.7,39.09,38.67,22,23.49,999,3.14,335,NW,4.46,10000,10.0,Clear,clear sky,4,2026-06-16 23:53:04+00:00,2026-06-17 13:50:55+00:00,2026-06-17 18:56:36
Pune,2021-01-01 02:00:00,2026-06-17 18:56:37,True,59,Moderate,pm25,59,26,3.2,27.7,3.7,6.1,30.67,29.88,35,17.67,1008,0.89,228,SW,,10000,10.0,Clouds,scattered clouds,30,2026-06-17 00:28:17+00:00,2026-06-17 13:42:36+00:00,2026-06-17 18:56:38
Chennai,2026-06-17 18:00:00,2026-06-17 18:56:39,False,75,Moderate,pm25,75,47,5.4,12.9,9.0,2.0,31.66,38.66,77,27.06,1004,1.79,179,S,2.24,10000,10.0,Clouds,overcast clouds,99,2026-06-17 00:12:57+00:00,2026-06-17 13:06:33+00:00,2026-06-17 18:56:40
Kolkata,2026-06-17 18:00:00,2026-06-17 18:56:41,False,89,Moderate,pm25,89,54,7.3,8.0,3.0,5.7,32.23,38.26,62,24.63,1002,7.02,186,S,8.91,10000,10.0,Clouds,overcast clouds,100,2026-06-16 23:22:00+00:00,2026-06-17 12:52:45+00:00,2026-06-17 18:56:42
Mumbai,2026-06-19 16:00:00,2026-06-19 18:09:35,False,115,Unhealthy for Sensitive Groups,pm25,115,63,2.2,11.7,2.3,11.9,30.65,35.59,66,23.85,1008,5.41,244,SW,5.41,10000,10.0,Clouds,few clouds,23,2026-06-19 00:31:40+00:00,2026-06-19 13:48:06+00:00,2026-06-19 18:09:37
Delhi,2026-06-19 18:00:00,2026-06-19 18:09:38,False,89,Moderate,pm10,65,89,5.5,16.5,2.8,7.1,40.45,40.71,22,24.85,999,5.42,290,W,3.52,10000,10.0,Clear,clear sky,9,2026-06-18 23:53:21+00:00,2026-06-19 13:51:27+00:00,2026-06-19 18:09:39
Pune,2021-01-01 02:00:00,2026-06-19 18:09:40,True,59,Moderate,pm25,59,26,3.2,27.7,3.7,6.1,33.34,32.14,28,18.94,1008,0.45,153,SE,,10000,10.0,Clouds,overcast clouds,92,2026-06-19 00:28:37+00:00,2026-06-19 13:43:05+00:00,2026-06-19 18:09:42
Chennai,2026-06-19 16:00:00,2026-06-19 18:09:44,False,77,Moderate,pm25,77,48,5.1,11.8,9.3,2.4,32.73,39.73,71,26.93,1006,1.34,161,S,2.68,10000,10.0,Clouds,overcast clouds,100,2026-06-19 00:13:18+00:00,2026-06-19 13:07:00+00:00,2026-06-19 18:09:45
Kolkata,2026-06-19 16:00:00,2026-06-19 18:09:47,False,73,Moderate,pm25,73,29,9.5,8.3,4.3,3.4,32.47,38.53,61,24.67,1002,6.39,192,S,8.28,10000,10.0,Clouds,overcast clouds,100,2026-06-18 23:22:18+00:00,2026-06-19 12:53:15+00:00,2026-06-19 18:09:48
Mumbai,2026-06-21 11:00:00,2026-06-21 11:53:42,False,84,Moderate,pm25,84,50,2.4,11.5,2.7,11.9,30.54,35.59,67,23.94,1009,3.9,237,SW,3.58,10000,10.0,Clouds,few clouds,11,2026-06-21 00:32:02+00:00,2026-06-21 13:48:32+00:00,2026-06-21 11:53:42
Delhi,2026-06-21 11:00:00,2026-06-21 11:53:44,False,52,Moderate,pm10,26,52,4.7,8.1,0.1,3.8,38.85,39.54,26,24.05,1002,3.0,294,NW,3.49,10000,10.0,Clear,clear sky,3,2026-06-20 23:53:42+00:00,2026-06-21 13:51:55+00:00,2026-06-21 11:53:44
Pune,2021-01-01 02:00:00,2026-06-21 11:53:45,True,59,Moderate,pm25,59,26,3.2,27.7,3.7,6.1,33.56,34.01,37,20.96,1009,2.98,270,W,3.44,10000,10.0,Clear,clear sky,2,2026-06-21 00:28:59+00:00,2026-06-21 13:43:31+00:00,2026-06-21 11:53:46
Chennai,2026-06-21 11:00:00,2026-06-21 11:53:47,False,76,Moderate,pm25,76,48,4.3,12.5,7.1,2.6,35.7,42.7,60,27.7,1008,2.2,194,S,2.97,10000,10.0,Clouds,overcast clouds,100,2026-06-21 00:13:41+00:00,2026-06-21 13:07:26+00:00,2026-06-21 11:53:48
Kolkata,2026-06-21 11:00:00,2026-06-21 11:53:49,False,85,Moderate,pm25,85,50,8.8,9.1,3.2,3.2,37.27,43.55,44,26.07,1003,5.31,203,SW,5.44,10000,10.0,Rain,heavy intensity rain,100,2026-06-20 23:22:40+00:00,2026-06-21 12:53:42+00:00,2026-06-21 11:53:50
Mumbai,2026-06-21 18:00:00,2026-06-21 18:40:23,False,98,Moderate,pm25,98,57,2.1,11.5,2.2,11.9,30.75,36.94,70,24.75,1006,5.94,255,W,5.88,10000,10.0,Clouds,broken clouds,51,2026-06-21 00:32:02+00:00,2026-06-21 13:48:32+00:00,2026-06-21 18:40:24
Delhi,2026-06-21 18:00:00,2026-06-21 18:40:26,False,65,Moderate,pm10,38,65,4.5,15.2,2.1,6.2,41.07,40.24,18,24.67,997,4.99,264,W,4.69,10000,10.0,Clouds,scattered clouds,42,2026-06-20 23:53:42+00:00,2026-06-21 13:51:55+00:00,2026-06-21 18:40:27
Pune,2021-01-01 02:00:00,2026-06-21 18:40:28,True,59,Moderate,pm25,59,26,3.2,27.7,3.7,6.1,29.7,31.91,58,21.3,1007,5.3,260,W,6.23,10000,10.0,Clouds,broken clouds,76,2026-06-21 00:28:59+00:00,2026-06-21 13:43:31+00:00,2026-06-21 18:40:29
Chennai,2026-06-21 18:00:00,2026-06-21 18:40:30,False,76,Moderate,pm25,76,48,5.4,14.3,10.2,2.0,31.09,38.09,74,25.89,1007,1.79,244,SW,2.68,10000,10.0,Clouds,overcast clouds,100,2026-06-21 00:13:41+00:00,2026-06-21 13:07:26+00:00,2026-06-21 18:40:31
Kolkata,2026-06-21 18:00:00,2026-06-21 18:40:32,False,55,Moderate,pm25,55,31,8.6,6.8,3.5,3.8,31.6,37.63,65,24.6,1002,7.99,176,S,11.03,10000,10.0,Clouds,overcast clouds,100,2026-06-20 23:22:40+00:00,2026-06-21 12:53:42+00:00,2026-06-21 18:40:33
Mumbai,2026-06-23 10:00:00,2026-06-23 12:08:20,False,27,Good,pm25,27,12,2.5,11.7,3.2,11.9,27.86,31.61,79,23.66,1007,6.39,185,S,5.8,10000,10.0,Rain,light rain,100,2026-06-23 00:32:27+00:00,2026-06-23 13:48:56+00:00,2026-06-23 12:08:21
Delhi,2026-06-23 11:00:00,2026-06-23 12:08:23,False,154,Unhealthy,pm25,154,117,3.2,20.0,1.1,14.2,39.43,39.48,23,24.03,1000,3.36,264,W,4.94,10000,10.0,Clear,clear sky,0,2026-06-22 23:54:08+00:00,2026-06-23 13:52:18+00:00,2026-06-23 12:08:25
Pune,2021-01-01 02:00:00,2026-06-23 12:08:27,True,59,Moderate,pm25,59,26,3.2,27.7,3.7,6.1,28.1,30.33,66,21.3,1007,3.54,231,SW,5.4,10000,10.0,Clouds,overcast clouds,100,2026-06-23 00:29:24+00:00,2026-06-23 13:43:55+00:00,2026-06-23 12:08:28
Chennai,2026-06-23 10:00:00,2026-06-23 12:08:30,False,76,Moderate,pm25,76,48,4.6,12.1,9.8,2.0,35.59,42.59,52,25.99,1006,2.68,211,SW,3.58,10000,10.0,Clouds,overcast clouds,100,2026-06-23 00:14:06+00:00,2026-06-23 13:07:50+00:00,2026-06-23 12:08:31
Kolkata,2026-06-23 10:00:00,2026-06-23 12:08:33,False,109,Unhealthy for Sensitive Groups,pm25,109,59,17.3,7.9,5.3,3.8,38.72,43.66,37,26.12,1000,6.14,198,S,4.74,10000,10.0,Clouds,overcast clouds,96,2026-06-22 23:23:06+00:00,2026-06-23 12:54:06+00:00,2026-06-23 12:08:34
Mumbai,2026-06-23 10:00:00,2026-06-23 17:27:54,False,27,Good,pm25,27,12,2.5,11.7,3.2,11.9,27.67,31.29,80,23.67,1005,5.52,269,W,6.18,3560,3.56,Clouds,overcast clouds,100,2026-06-23 00:32:27+00:00,2026-06-23 13:48:56+00:00,2026-06-23 17:27:55
Delhi,2026-06-23 17:00:00,2026-06-23 17:27:57,False,147,Unhealthy for Sensitive Groups,pm10,13,147,16.9,6.0,3.4,4.1,41.0,39.82,17,24.4,996,3.82,296,NW,5.22,10000,10.0,Clouds,scattered clouds,33,2026-06-22 23:54:08+00:00,2026-06-23 13:52:18+00:00,2026-06-23 17:27:58
Pune,2021-01-01 02:00:00,2026-06-23 17:28:00,True,59,Moderate,pm25,59,26,3.2,27.7,3.7,6.1,27.3,28.0,54,18.1,1006,2.62,248,W,4.05,9447,9.45,Clouds,overcast clouds,100,2026-06-23 00:29:24+00:00,2026-06-23 13:43:55+00:00,2026-06-23 17:28:01
Chennai,2026-06-23 10:00:00,2026-06-23 17:28:02,False,76,Moderate,pm25,76,48,4.6,12.1,9.8,2.0,32.75,39.75,68,26.35,1005,1.79,78,E,2.68,10000,10.0,Clouds,overcast clouds,94,2026-06-23 00:14:06+00:00,2026-06-23 13:07:50+00:00,2026-06-23 17:28:04
Kolkata,2026-06-23 10:00:00,2026-06-23 17:28:05,False,109,Unhealthy for Sensitive Groups,pm25,109,59,17.3,7.9,5.3,3.8,32.92,37.32,54,23.72,999,5.18,189,S,6.02,10000,10.0,Rain,light rain,99,2026-06-22 23:23:06+00:00,2026-06-23 12:54:06+00:00,2026-06-23 17:28:06
Mumbai,2026-06-23 10:00:00,2026-06-24 08:11:10,False,27,Good,pm25,27,12,2.5,11.7,3.2,11.9,26.97,29.96,83,23.57,1007,5.77,257,W,7.4,4136,4.14,Rain,moderate rain,100,2026-06-24 00:32:41+00:00,2026-06-24 13:49:06+00:00,2026-06-24 08:11:11
Delhi,2026-06-24 08:00:00,2026-06-24 08:11:12,False,92,Moderate,pm10,78,92,17.9,2.7,3.9,3.7,35.58,35.52,30,21.58,1001,0.99,285,W,1.28,10000,10.0,Clear,clear sky,2,2026-06-23 23:54:22+00:00,2026-06-24 13:52:28+00:00,2026-06-24 08:11:12
Pune,2021-01-01 02:00:00,2026-06-24 08:11:14,True,59,Moderate,pm25,59,26,3.2,27.7,3.7,6.1,23.08,23.64,84,19.88,1009,4.03,257,W,8.6,10000,10.0,Clouds,overcast clouds,100,2026-06-24 00:29:38+00:00,2026-06-24 13:44:06+00:00,2026-06-24 08:11:14
Chennai,2026-06-23 10:00:00,2026-06-24 08:11:16,False,76,Moderate,pm25,76,48,4.6,12.1,9.8,2.0,30.62,34.52,62,23.02,1008,1.34,201,S,1.34,10000,10.0,Clouds,overcast clouds,99,2026-06-24 00:14:19+00:00,2026-06-24 13:08:01+00:00,2026-06-24 08:11:17
Kolkata,2026-06-23 10:00:00,2026-06-24 08:11:19,False,109,Unhealthy for Sensitive Groups,pm25,109,59,17.3,7.9,5.3,3.8,34.74,37.96,44,23.54,1002,5.8,239,SW,6.91,10000,10.0,Clouds,overcast clouds,96,2026-06-23 23:23:19+00:00,2026-06-24 12:54:16+00:00,2026-06-24 08:11:20
Mumbai,2026-06-23 10:00:00,2026-06-24 12:48:32,True,27,Good,pm25,27,12,2.5,11.7,3.2,11.9,27.22,29.92,77,22.62,1008,4.11,249,W,4.98,10000,10.0,Clouds,overcast clouds,100,2026-06-24 00:32:41+00:00,2026-06-24 13:49:06+00:00,2026-06-24 12:48:33
Delhi,2026-06-24 12:00:00,2026-06-24 12:48:35,False,67,Moderate,pm10,34,67,14.5,14.5,2.5,4.9,39.54,39.98,24,24.34,1000,1.83,261,W,3.27,10000,10.0,Clear,clear sky,0,2026-06-23 23:54:22+00:00,2026-06-24 13:52:28+00:00,2026-06-24 12:48:35
Pune,2021-01-01 02:00:00,2026-06-24 12:48:37,True,59,Moderate,pm25,59,26,3.2,27.7,3.7,6.1,24.14,24.18,60,16.14,1011,4.79,253,W,8.51,10000,10.0,Clouds,overcast clouds,100,2026-06-24 00:29:38+00:00,2026-06-24 13:44:06+00:00,2026-06-24 12:48:37
Chennai,2026-06-23 10:00:00,2026-06-24 12:48:39,True,76,Moderate,pm25,76,48,4.6,12.1,9.8,2.0,35.47,41.81,50,25.47,1006,4.25,278,W,6.37,10000,10.0,Clouds,broken clouds,66,2026-06-24 00:14:19+00:00,2026-06-24 13:08:01+00:00,2026-06-24 12:48:39
Kolkata,2026-06-23 10:00:00,2026-06-24 12:48:41,True,109,Unhealthy for Sensitive Groups,pm25,109,59,17.3,7.9,5.3,3.8,40.47,42.71,27,25.87,1000,3.36,261,W,3.44,10000,10.0,Clouds,broken clouds,67,2026-06-23 23:23:19+00:00,2026-06-24 12:54:16+00:00,2026-06-24 12:48:42
