city,temp_c,feels_like_c,humidity_pct,dew_point_c,pressure_hpa,wind_speed_ms,wind_direction_deg,wind_gust_ms,visibility_m,weather_main,weather_desc,cloud_cover_pct,sunrise_utc,sunset_utc,weather_fetched_at
Mumbai,28.99,32.71,70,22.99,1010,3.09,290,,4000,Haze,haze,0,2026-04-11 00:54:34+00:00,2026-04-11 13:24:29+00:00,2026-04-11 21:43:05
Delhi,28.05,27.13,30,14.05,1008,1.54,320,,4500,Haze,haze,75,2026-04-11 00:30:07+00:00,2026-04-11 13:13:59+00:00,2026-04-11 21:43:06
Pune,30.08,28.83,30,16.08,1011,3.26,292,5.44,10000,Clear,clear sky,0,2026-04-11 00:50:52+00:00,2026-04-11 13:20:08+00:00,2026-04-11 21:43:07
Chennai,29.79,36.79,82,26.19,1011,4.12,140,,6000,Clouds,few clouds,20,2026-04-11 00:28:41+00:00,2026-04-11 12:50:57+00:00,2026-04-11 21:43:08
Kolkata,26.97,27.84,57,18.37,1008,2.57,150,,3500,Haze,haze,20,2026-04-10 23:50:05+00:00,2026-04-11 12:24:50+00:00,2026-04-11 21:43:10
Mumbai,28.99,32.71,70,22.99,1011,3.09,290,,4000,Haze,haze,0,2026-04-11 00:54:34+00:00,2026-04-11 13:24:29+00:00,2026-04-11 22:05:05
Delhi,28.05,27.13,30,14.05,1008,1.54,320,,4500,Haze,haze,75,2026-04-11 00:30:07+00:00,2026-04-11 13:13:59+00:00,2026-04-11 22:05:07
Pune,30.08,28.83,30,16.08,1012,2.91,286,4.74,10000,Clear,clear sky,0,2026-04-11 00:50:52+00:00,2026-04-11 13:20:08+00:00,2026-04-11 22:05:08
Chennai,29.48,36.48,82,25.88,1011,4.12,150,,6000,Clouds,few clouds,20,2026-04-11 00:28:41+00:00,2026-04-11 12:50:57+00:00,2026-04-11 22:05:09
Kolkata,26.97,27.84,57,18.37,1008,2.57,150,,3500,Haze,haze,20,2026-04-10 23:50:05+00:00,2026-04-11 12:24:50+00:00,2026-04-11 22:05:11
Mumbai,30.99,37.57,70,24.99,1010,3.09,290,,4000,Haze,haze,20,2026-05-27 00:31:17+00:00,2026-05-27 13:40:30+00:00,2026-05-27 20:57:58
Delhi,40.05,38.07,15,23.05,999,2.06,280,,5000,Clear,clear sky,0,2026-05-26 23:55:09+00:00,2026-05-27 13:41:41+00:00,2026-05-27 20:58:01
Pune,30.22,30.61,45,19.22,1010,5.38,275,6.64,10000,Clouds,broken clouds,64,2026-05-27 00:28:08+00:00,2026-05-27 13:35:36+00:00,2026-05-27 20:58:04
Chennai,32.18,38.46,63,24.78,1007,4.12,170,,5000,Haze,haze,20,2026-05-27 00:11:45+00:00,2026-05-27 13:00:35+00:00,2026-05-27 20:58:07
Kolkata,25.97,25.97,89,23.77,1007,7.2,110,,3500,Thunderstorm,thunderstorm,75,2026-05-26 23:22:42+00:00,2026-05-27 12:44:54+00:00,2026-05-27 20:58:09
Mumbai,31.99,38.97,66,25.19,1008,5.66,260,,4000,Haze,haze,40,2026-05-29 00:31:00+00:00,2026-05-29 13:41:17+00:00,2026-05-29 20:00:51
Delhi,28.05,29.2,57,19.45,1001,5.66,120,,4500,Haze,haze,40,2026-05-28 23:54:33+00:00,2026-05-29 13:42:47+00:00,2026-05-29 20:00:53
Pune,30.78,30.12,36,17.98,1008,6.39,268,6.94,10000,Clear,clear sky,0,2026-05-29 00:27:52+00:00,2026-05-29 13:36:22+00:00,2026-05-29 20:00:55
Chennai,31.85,38.85,75,26.85,1005,5.14,180,,6000,Clouds,scattered clouds,40,2026-05-29 00:11:38+00:00,2026-05-29 13:01:12+00:00,2026-05-29 20:00:59
Kolkata,23.97,24.72,88,21.57,1006,2.06,110,,2800,Haze,haze,20,2026-05-28 23:22:18+00:00,2026-05-29 12:45:48+00:00,2026-05-29 20:01:02
Mumbai,33.99,40.99,59,25.79,1008,5.14,260,,5000,Smoke,smoke,40,2026-05-30 00:30:53+00:00,2026-05-30 13:41:40+00:00,2026-05-30 14:22:45
Delhi,35.05,36.17,36,22.25,1004,5.66,120,,7000,Clear,clear sky,0,2026-05-29 23:54:17+00:00,2026-05-30 13:43:19+00:00,2026-05-30 14:22:46
Pune,35.22,34.58,28,20.82,1007,6.2,281,5.99,10000,Clear,clear sky,0,2026-05-30 00:27:45+00:00,2026-05-30 13:36:44+00:00,2026-05-30 14:22:48
Chennai,33.97,40.97,62,26.37,1006,4.12,60,,6000,Clouds,scattered clouds,40,2026-05-30 00:11:36+00:00,2026-05-30 13:01:30+00:00,2026-05-30 14:22:51
Kolkata,33.97,40.97,62,26.37,1003,3.09,60,,4500,Haze,haze,40,2026-05-29 23:22:07+00:00,2026-05-30 12:46:14+00:00,2026-05-30 14:22:53
Mumbai,31.99,38.99,70,25.99,1008,5.66,260,,4500,Haze,haze,20,2026-05-30 00:30:53+00:00,2026-05-30 13:41:40+00:00,2026-05-30 20:14:00
Delhi,29.05,29.15,45,18.05,1004,5.14,220,10.29,4000,Haze,haze,75,2026-05-29 23:54:17+00:00,2026-05-30 13:43:19+00:00,2026-05-30 20:14:02
Pune,30.78,30.92,42,19.18,1008,5.98,275,7.81,10000,Clear,clear sky,0,2026-05-30 00:27:45+00:00,2026-05-30 13:36:44+00:00,2026-05-30 20:14:04
Chennai,31.74,38.74,69,25.54,1007,3.09,150,,6000,Clouds,scattered clouds,40,2026-05-30 00:11:36+00:00,2026-05-30 13:01:30+00:00,2026-05-30 20:14:06
Kolkata,26.97,29.49,78,22.57,1005,0.0,0,,3500,Haze,haze,75,2026-05-29 23:22:07+00:00,2026-05-30 12:46:14+00:00,2026-05-30 20:14:08
Mumbai,34.99,41.99,59,26.79,1009,5.14,280,,4000,Haze,haze,40,2026-05-31 00:30:46+00:00,2026-05-31 13:42:03+00:00,2026-05-31 13:19:40
Delhi,33.05,34.54,43,21.65,1007,3.6,110,,6000,Clouds,scattered clouds,40,2026-05-30 23:54:02+00:00,2026-05-31 13:43:51+00:00,2026-05-31 13:19:42
Pune,31.19,32.94,50,21.19,1010,4.77,243,5.18,10000,Clouds,overcast clouds,86,2026-05-31 00:27:39+00:00,2026-05-31 13:37:07+00:00,2026-05-31 13:19:45
Chennai,36.48,43.48,55,27.48,1006,3.13,123,4.02,7000,Clouds,few clouds,20,2026-05-31 00:11:34+00:00,2026-05-31 13:01:48+00:00,2026-05-31 13:19:49
Kolkata,34.97,41.4,52,25.37,1004,1.54,140,,5000,Haze,haze,40,2026-05-30 23:21:58+00:00,2026-05-31 12:46:40+00:00,2026-05-31 13:19:51
Mumbai,30.99,37.99,74,25.79,1010,4.12,260,,4000,Haze,haze,20,2026-05-31 00:30:46+00:00,2026-05-31 13:42:03+00:00,2026-05-31 23:13:13
Delhi,27.05,28.22,61,19.25,1007,3.09,110,,5000,Haze,haze,40,2026-05-30 23:54:02+00:00,2026-05-31 13:43:51+00:00,2026-05-31 23:13:15
Pune,29.11,29.44,47,18.51,1011,4.65,272,8.23,10000,Clear,clear sky,2,2026-05-31 00:27:39+00:00,2026-05-31 13:37:07+00:00,2026-05-31 23:13:18
Chennai,31.27,38.27,79,27.07,1007,5.66,220,,6000,Clouds,scattered clouds,40,2026-05-31 00:11:34+00:00,2026-05-31 13:01:48+00:00,2026-05-31 23:13:21
Kolkata,29.97,36.97,84,26.77,1006,1.54,120,,3500,Haze,haze,20,2026-05-30 23:21:58+00:00,2026-05-31 12:46:40+00:00,2026-05-31 23:13:23
Mumbai,33.99,40.16,55,24.99,1011,3.6,290,,5000,Smoke,smoke,40,2026-06-01 00:30:41+00:00,2026-06-01 13:42:26+00:00,2026-06-01 10:54:48
Delhi,32.05,33.98,48,21.65,1009,5.14,100,,6000,Clouds,scattered clouds,26,2026-05-31 23:53:48+00:00,2026-06-01 13:44:22+00:00,2026-06-01 10:54:50
Pune,32.45,32.05,35,19.45,1011,3.67,300,2.73,10000,Clear,clear sky,0,2026-06-01 00:27:34+00:00,2026-06-01 13:37:29+00:00,2026-06-01 10:54:52
Chennai,37.2,44.2,48,26.8,1008,4.63,320,,6000,Clouds,few clouds,20,2026-06-01 00:11:34+00:00,2026-06-01 13:02:06+00:00,2026-06-01 10:54:54
Kolkata,34.97,41.97,55,25.97,1007,2.57,110,,4000,Haze,haze,40,2026-05-31 23:21:50+00:00,2026-06-01 12:47:06+00:00,2026-06-01 10:54:57
Mumbai,31.99,38.97,66,25.19,1008,5.14,280,,5000,Haze,haze,40,2026-06-01 00:30:41+00:00,2026-06-01 13:42:26+00:00,2026-06-01 19:51:00
Delhi,32.05,33.98,48,21.65,1005,5.14,100,,5000,Haze,haze,62,2026-05-31 23:53:48+00:00,2026-06-01 13:44:22+00:00,2026-06-01 19:51:02
Pune,30.78,30.63,40,18.78,1009,6.13,285,7.33,10000,Clouds,scattered clouds,38,2026-06-01 00:27:34+00:00,2026-06-01 13:37:29+00:00,2026-06-01 19:51:04
Chennai,31.6,38.6,71,25.8,1007,2.57,180,,5000,Mist,mist,40,2026-06-01 00:11:34+00:00,2026-06-01 13:02:06+00:00,2026-06-01 19:51:06
Kolkata,30.97,37.97,74,25.77,1006,3.6,150,,3500,Haze,haze,20,2026-05-31 23:21:50+00:00,2026-06-01 12:47:06+00:00,2026-06-01 19:51:08
Mumbai,33.99,40.16,55,24.99,1008,6.17,280,,5000,Smoke,smoke,40,2026-06-02 00:30:37+00:00,2026-06-02 13:42:48+00:00,2026-06-02 13:13:08
Delhi,35.05,37.62,41,23.25,1006,4.12,90,,5000,Haze,haze,40,2026-06-01 23:53:36+00:00,2026-06-02 13:44:52+00:00,2026-06-02 13:13:12
Pune,35.78,35.15,27,21.18,1008,4.36,268,3.81,10000,Clear,clear sky,0,2026-06-02 00:27:31+00:00,2026-06-02 13:37:51+00:00,2026-06-02 13:13:14
Chennai,38.22,45.22,47,27.62,1006,4.12,280,,6000,Clouds,few clouds,20,2026-06-02 00:11:34+00:00,2026-06-02 13:02:24+00:00,2026-06-02 13:13:18
Kolkata,35.97,42.62,49,25.77,1003,2.57,110,,4000,Haze,haze,40,2026-06-01 23:21:43+00:00,2026-06-02 12:47:31+00:00,2026-06-02 13:13:24
Mumbai,31.32,36.08,62,23.72,1007,3.89,236,3.73,10000,Clear,clear sky,0,2026-06-03 00:30:34+00:00,2026-06-03 13:43:10+00:00,2026-06-03 12:40:49
Delhi,37.21,36.74,25,22.21,1002,0.75,181,2.6,10000,Clear,clear sky,0,2026-06-02 23:53:25+00:00,2026-06-03 13:45:22+00:00,2026-06-03 12:40:53
Pune,35.22,34.58,28,20.82,1007,4.16,255,3.89,10000,Clear,clear sky,9,2026-06-03 00:27:28+00:00,2026-06-03 13:38:13+00:00,2026-06-03 12:40:56
Chennai,38.23,45.23,48,27.83,1005,0.45,252,0.89,10000,Clouds,overcast clouds,100,2026-06-03 00:11:35+00:00,2026-06-03 13:02:42+00:00,2026-06-03 12:41:00
Kolkata,40.39,43.44,29,26.19,1001,4.36,196,4.15,10000,Clear,clear sky,0,2026-06-02 23:21:37+00:00,2026-06-03 12:47:56+00:00,2026-06-03 12:41:02
Mumbai,30.29,36.02,71,24.49,1007,6.86,198,6.84,10000,Clear,clear sky,0,2026-06-03 00:30:34+00:00,2026-06-03 13:43:10+00:00,2026-06-03 23:10:03
Delhi,37.99,36.65,20,21.99,999,1.56,218,2.72,10000,Clear,clear sky,1,2026-06-02 23:53:25+00:00,2026-06-03 13:45:22+00:00,2026-06-03 23:10:05
Pune,28.0,28.27,48,17.6,1008,4.96,262,7.39,10000,Clouds,scattered clouds,31,2026-06-03 00:27:28+00:00,2026-06-03 13:38:13+00:00,2026-06-03 23:10:07
Chennai,30.04,37.04,78,25.64,1007,6.03,294,7.25,10000,Clouds,overcast clouds,100,2026-06-03 00:11:35+00:00,2026-06-03 13:02:42+00:00,2026-06-03 23:10:11
Kolkata,30.59,37.59,75,25.59,1002,5.86,194,9.51,10000,Clear,clear sky,7,2026-06-02 23:21:37+00:00,2026-06-03 12:47:56+00:00,2026-06-03 23:10:13
Mumbai,30.39,36.27,71,24.59,1008,5.95,201,5.93,10000,Clear,clear sky,10,2026-06-04 00:30:31+00:00,2026-06-04 13:43:32+00:00,2026-06-04 10:14:03
Delhi,38.33,37.84,23,22.93,1002,2.2,227,2.26,10000,Clear,clear sky,0,2026-06-03 23:53:15+00:00,2026-06-04 13:45:51+00:00,2026-06-04 10:14:05
Pune,30.78,31.07,43,19.38,1008,3.55,268,3.33,10000,Clear,clear sky,0,2026-06-04 00:27:26+00:00,2026-06-04 13:38:34+00:00,2026-06-04 10:14:08
Chennai,34.94,40.93,51,25.14,1006,2.24,234,2.68,10000,Clouds,overcast clouds,100,2026-06-04 00:11:36+00:00,2026-06-04 13:03:00+00:00,2026-06-04 10:14:11
Kolkata,39.33,43.59,34,26.13,1002,4.3,187,3.54,10000,Clear,clear sky,5,2026-06-03 23:21:32+00:00,2026-06-04 12:48:20+00:00,2026-06-04 10:14:13
Mumbai,30.53,37.53,79,26.33,1004,7.14,218,7.5,10000,Clear,clear sky,1,2026-06-04 00:30:31+00:00,2026-06-04 13:43:32+00:00,2026-06-04 19:08:03
Delhi,37.86,36.48,20,21.86,997,8.28,296,10.01,10000,Clouds,scattered clouds,44,2026-06-03 23:53:15+00:00,2026-06-04 13:45:51+00:00,2026-06-04 19:08:06
Pune,28.24,30.71,67,21.64,1006,6.81,272,8.69,10000,Clouds,scattered clouds,47,2026-06-04 00:27:26+00:00,2026-06-04 13:38:34+00:00,2026-06-04 19:08:09
Chennai,32.07,39.07,72,26.47,1004,2.68,186,4.92,10000,Clouds,overcast clouds,100,2026-06-04 00:11:36+00:00,2026-06-04 13:03:00+00:00,2026-06-04 19:08:11
Kolkata,28.18,32.07,77,23.58,1002,11.95,246,17.26,10000,Clouds,few clouds,17,2026-06-03 23:21:32+00:00,2026-06-04 12:48:20+00:00,2026-06-04 19:08:14
Mumbai,31.64,38.37,67,25.04,1005,4.13,285,4.66,10000,Clouds,few clouds,11,2026-06-06 00:30:29+00:00,2026-06-06 13:44:15+00:00,2026-06-06 15:04:24
Delhi,40.42,40.31,21,24.62,999,7.18,287,6.69,10000,Clear,clear sky,5,2026-06-05 23:53:00+00:00,2026-06-06 13:46:47+00:00,2026-06-06 15:04:26
Pune,37.45,37.62,27,22.85,1004,6.96,291,4.52,10000,Clouds,few clouds,13,2026-06-06 00:27:24+00:00,2026-06-06 13:39:16+00:00,2026-06-06 15:04:29
Chennai,37.47,44.47,57,28.87,1003,8.63,159,9.89,10000,Clouds,overcast clouds,99,2026-06-06 00:11:41+00:00,2026-06-06 13:03:36+00:00,2026-06-06 15:04:31
Kolkata,33.83,40.83,58,25.43,999,5.46,107,5.35,10000,Clouds,broken clouds,73,2026-06-05 23:21:25+00:00,2026-06-06 12:49:07+00:00,2026-06-06 15:04:33
Mumbai,31.69,38.5,67,25.09,1005,4.21,289,4.72,10000,Clear,clear sky,10,2026-06-06 00:30:29+00:00,2026-06-06 13:44:15+00:00,2026-06-06 17:01:22
Delhi,35.43,35.77,32,21.83,999,7.8,209,11.32,10000,Clouds,scattered clouds,36,2026-06-05 23:53:00+00:00,2026-06-06 13:46:47+00:00,2026-06-06 17:01:24
Pune,36.89,36.76,27,22.29,1003,7.33,266,6.19,10000,Clouds,few clouds,23,2026-06-06 00:27:24+00:00,2026-06-06 13:39:16+00:00,2026-06-06 17:01:26
Chennai,34.42,41.42,66,27.62,1002,1.34,152,2.68,10000,Clouds,overcast clouds,99,2026-06-06 00:11:41+00:00,2026-06-06 13:03:36+00:00,2026-06-06 17:01:28
Kolkata,33.05,38.59,57,24.45,999,3.84,119,6.54,10000,Clouds,broken clouds,82,2026-06-05 23:21:25+00:00,2026-06-06 12:49:07+00:00,2026-06-06 17:01:30
Mumbai,31.24,38.24,72,25.64,1008,4.69,302,6.18,10000,Clouds,broken clouds,61,2026-06-06 00:30:29+00:00,2026-06-06 13:44:15+00:00,2026-06-06 22:50:45
Delhi,36.7,35.79,24,21.5,1001,4.07,280,9.28,10000,Clouds,broken clouds,59,2026-06-05 23:53:00+00:00,2026-06-06 13:46:47+00:00,2026-06-06 22:50:47
Pune,29.11,29.22,45,18.11,1009,5.88,271,8.87,10000,Clouds,overcast clouds,88,2026-06-06 00:27:24+00:00,2026-06-06 13:39:16+00:00,2026-06-06 22:50:48
Chennai,32.64,39.64,71,26.84,1007,0.45,198,0.89,10000,Clouds,broken clouds,84,2026-06-06 00:11:41+00:00,2026-06-06 13:03:36+00:00,2026-06-06 22:50:50
Kolkata,28.63,32.44,73,23.23,1003,2.4,182,5.55,10000,Clouds,overcast clouds,100,2026-06-05 23:21:25+00:00,2026-06-06 12:49:07+00:00,2026-06-06 22:50:52
Mumbai,31.74,36.47,60,23.74,1007,3.51,244,3.87,10000,Clouds,broken clouds,80,2026-06-07 00:30:30+00:00,2026-06-07 13:44:35+00:00,2026-06-07 12:14:51
Delhi,41.09,40.96,20,25.09,1001,2.61,255,5.02,10000,Clear,clear sky,0,2026-06-06 23:52:54+00:00,2026-06-07 13:47:14+00:00,2026-06-07 12:14:53
Pune,35.78,36.32,32,22.18,1007,4.86,274,3.72,10000,Clouds,broken clouds,62,2026-06-07 00:27:25+00:00,2026-06-07 13:39:37+00:00,2026-06-07 12:14:55
Chennai,36.99,43.99,47,26.39,1005,3.58,226,4.47,10000,Clouds,overcast clouds,100,2026-06-07 00:11:45+00:00,2026-06-07 13:03:53+00:00,2026-06-07 12:14:57
Kolkata,33.59,38.49,53,24.19,1003,3.86,206,4.69,10000,Clouds,overcast clouds,100,2026-06-06 23:21:23+00:00,2026-06-07 12:49:30+00:00,2026-06-07 12:14:59
Mumbai,32.22,38.57,63,24.82,1007,4.4,250,4.67,10000,Clouds,overcast clouds,88,2026-06-07 00:30:30+00:00,2026-06-07 13:44:35+00:00,2026-06-07 13:52:26
Delhi,41.01,41.59,22,25.41,1000,2.3,255,6.35,10000,Clear,clear sky,0,2026-06-06 23:52:54+00:00,2026-06-07 13:47:14+00:00,2026-06-07 13:52:28
Pune,36.34,36.69,30,22.34,1007,5.18,280,3.93,10000,Clouds,broken clouds,69,2026-06-07 00:27:25+00:00,2026-06-07 13:39:37+00:00,2026-06-07 13:52:30
Chennai,37.71,44.71,45,26.71,1004,4.02,269,5.81,10000,Clouds,overcast clouds,100,2026-06-07 00:11:45+00:00,2026-06-07 13:03:53+00:00,2026-06-07 13:52:32
Kolkata,35.21,40.39,48,24.81,1002,3.57,199,4.13,10000,Rain,light rain,100,2026-06-06 23:21:23+00:00,2026-06-07 12:49:30+00:00,2026-06-07 13:52:34
Mumbai,32.22,38.57,63,24.82,1007,4.4,250,4.67,10000,Clouds,overcast clouds,88,2026-06-07 00:30:30+00:00,2026-06-07 13:44:35+00:00,2026-06-07 13:52:55
Delhi,41.01,41.59,22,25.41,1000,2.3,255,6.35,10000,Clear,clear sky,0,2026-06-06 23:52:54+00:00,2026-06-07 13:47:14+00:00,2026-06-07 13:52:57
Pune,36.34,36.69,30,22.34,1007,5.18,280,3.93,10000,Clouds,broken clouds,69,2026-06-07 00:27:25+00:00,2026-06-07 13:39:37+00:00,2026-06-07 13:52:59
Chennai,37.71,44.71,45,26.71,1004,4.02,269,5.81,10000,Clouds,overcast clouds,100,2026-06-07 00:11:45+00:00,2026-06-07 13:03:53+00:00,2026-06-07 13:53:01
Kolkata,35.21,40.39,48,24.81,1002,3.57,199,4.13,10000,Rain,light rain,100,2026-06-06 23:21:23+00:00,2026-06-07 12:49:30+00:00,2026-06-07 13:53:03
Mumbai,31.7,38.7,71,25.9,1006,5.98,265,7.07,10000,Clouds,scattered clouds,34,2026-06-07 00:30:30+00:00,2026-06-07 13:44:35+00:00,2026-06-07 18:13:21
Delhi,42.61,40.55,13,25.21,997,5.05,313,8.32,10000,Clear,clear sky,5,2026-06-06 23:52:54+00:00,2026-06-07 13:47:14+00:00,2026-06-07 18:13:23
Pune,30.64,33.21,56,21.84,1006,8.55,258,9.73,10000,Clouds,overcast clouds,99,2026-06-07 00:27:25+00:00,2026-06-07 13:39:37+00:00,2026-06-07 18:13:24
Chennai,33.15,40.15,68,26.75,1005,3.13,151,3.58,10000,Clouds,overcast clouds,100,2026-06-07 00:11:45+00:00,2026-06-07 13:03:53+00:00,2026-06-07 18:13:27
Kolkata,33.94,38.26,50,23.94,1000,6.71,185,9.99,10000,Rain,moderate rain,73,2026-06-06 23:21:23+00:00,2026-06-07 12:49:30+00:00,2026-06-07 18:13:29
Mumbai,31.21,36.38,64,24.01,1009,1.92,251,2.83,10000,Clouds,overcast clouds,87,2026-06-08 00:30:31+00:00,2026-06-08 13:44:56+00:00,2026-06-08 09:06:53
Delhi,38.62,39.83,28,24.22,1001,3.73,277,4.92,10000,Clear,clear sky,0,2026-06-07 23:52:49+00:00,2026-06-08 13:47:40+00:00,2026-06-08 09:06:54
Pune,26.26,26.26,74,21.06,1010,4.1,264,6.79,10000,Clouds,overcast clouds,100,2026-06-08 00:27:26+00:00,2026-06-08 13:39:57+00:00,2026-06-08 09:06:57
Chennai,34.13,40.12,54,24.93,1008,3.13,256,4.47,10000,Clouds,overcast clouds,100,2026-06-08 00:11:49+00:00,2026-06-08 13:04:10+00:00,2026-06-08 09:07:00
Kolkata,36.33,41.36,44,25.13,1002,5.06,223,5.82,10000,Clouds,broken clouds,75,2026-06-07 23:21:23+00:00,2026-06-08 12:49:53+00:00,2026-06-08 09:07:04
Mumbai,31.77,38.39,66,24.97,1006,5.36,251,5.88,10000,Clouds,broken clouds,55,2026-06-08 00:30:31+00:00,2026-06-08 13:44:56+00:00,2026-06-08 16:25:01
Delhi,44.69,41.4,9,26.49,995,5.95,304,8.33,10000,Clouds,scattered clouds,39,2026-06-07 23:52:49+00:00,2026-06-08 13:47:40+00:00,2026-06-08 16:25:02
Pune,30.44,33.26,58,22.04,1007,7.23,262,7.57,10000,Clouds,overcast clouds,88,2026-06-08 00:27:26+00:00,2026-06-08 13:39:57+00:00,2026-06-08 16:25:04
Chennai,31.63,38.63,71,25.83,1003,4.39,130,5.33,10000,Clouds,overcast clouds,97,2026-06-08 00:11:49+00:00,2026-06-08 13:04:10+00:00,2026-06-08 16:25:06
Kolkata,38.97,42.84,34,25.77,997,5.85,219,6.25,10000,Clouds,scattered clouds,30,2026-06-07 23:21:23+00:00,2026-06-08 12:49:53+00:00,2026-06-08 16:25:09
Mumbai,31.11,38.11,72,25.51,1008,6.91,246,8.25,10000,Clouds,scattered clouds,49,2026-06-08 00:30:31+00:00,2026-06-08 13:44:56+00:00,2026-06-08 20:26:05
Delhi,42.29,39.02,9,24.09,996,4.04,337,7.88,10000,Clear,clear sky,0,2026-06-07 23:52:49+00:00,2026-06-08 13:47:40+00:00,2026-06-08 20:26:08
Pune,26.32,26.32,75,21.32,1009,7.35,255,11.92,10000,Clouds,overcast clouds,92,2026-06-08 00:27:26+00:00,2026-06-08 13:39:57+00:00,2026-06-08 20:26:10
Chennai,31.84,38.84,77,27.24,1006,0.45,208,0.89,10000,Clouds,overcast clouds,100,2026-06-08 00:11:49+00:00,2026-06-08 13:04:10+00:00,2026-06-08 20:26:12
Kolkata,31.82,38.82,74,26.62,1000,7.42,186,11.35,10000,Clouds,broken clouds,81,2026-06-07 23:21:23+00:00,2026-06-08 12:49:53+00:00,2026-06-08 20:26:14
Mumbai,30.66,36.7,70,24.66,1009,6.05,281,6.07,10000,Clouds,broken clouds,71,2026-06-10 00:30:36+00:00,2026-06-10 13:45:35+00:00,2026-06-10 10:09:37
Delhi,40.64,41.38,23,25.24,1000,4.78,268,6.52,10000,Clear,clear sky,0,2026-06-09 23:52:44+00:00,2026-06-10 13:48:30+00:00,2026-06-10 10:09:41
Pune,30.78,30.92,42,19.18,1010,6.12,271,7.66,10000,Clouds,overcast clouds,95,2026-06-10 00:27:32+00:00,2026-06-10 13:40:36+00:00,2026-06-10 10:09:44
Chennai,34.25,41.2,56,25.45,1008,3.58,292,4.02,10000,Clouds,overcast clouds,100,2026-06-10 00:12:00+00:00,2026-06-10 13:04:44+00:00,2026-06-10 10:09:47
Kolkata,38.25,44.48,41,26.45,1002,5.37,200,5.72,10000,Clouds,few clouds,11,2026-06-09 23:21:24+00:00,2026-06-10 12:50:36+00:00,2026-06-10 10:09:51
Mumbai,31.39,38.02,68,24.99,1007,6.14,270,6.33,10000,Clouds,scattered clouds,49,2026-06-10 00:30:36+00:00,2026-06-10 13:45:35+00:00,2026-06-10 13:08:43
Delhi,43.97,43.04,15,26.97,997,3.93,273,9.26,10000,Clear,clear sky,0,2026-06-09 23:52:44+00:00,2026-06-10 13:48:30+00:00,2026-06-10 13:08:45
Pune,34.11,34.21,34,20.91,1007,7.92,262,8.17,10000,Clouds,overcast clouds,87,2026-06-10 00:27:32+00:00,2026-06-10 13:40:36+00:00,2026-06-10 13:08:47
Chennai,37.83,44.83,46,27.03,1005,2.68,292,3.13,10000,Clouds,overcast clouds,100,2026-06-10 00:12:00+00:00,2026-06-10 13:04:44+00:00,2026-06-10 13:08:50
Kolkata,40.71,45.54,32,27.11,999,5.74,188,5.5,10000,Clear,clear sky,6,2026-06-09 23:21:24+00:00,2026-06-10 12:50:36+00:00,2026-06-10 13:08:53
Mumbai,31.43,38.43,71,25.63,1006,6.29,254,6.98,10000,Clouds,scattered clouds,31,2026-06-10 00:30:36+00:00,2026-06-10 13:45:35+00:00,2026-06-10 16:46:55
Delhi,44.98,43.44,13,27.58,994,7.41,269,9.23,10000,Clouds,scattered clouds,29,2026-06-09 23:52:44+00:00,2026-06-10 13:48:30+00:00,2026-06-10 16:46:57
Pune,34.11,34.21,34,20.91,1006,7.72,261,7.88,10000,Clouds,overcast clouds,94,2026-06-10 00:27:32+00:00,2026-06-10 13:40:36+00:00,2026-06-10 16:46:59
Chennai,35.53,42.53,54,26.33,1003,1.79,293,3.58,10000,Clouds,overcast clouds,100,2026-06-10 00:12:00+00:00,2026-06-10 13:04:44+00:00,2026-06-10 16:47:01
Kolkata,38.5,43.18,37,25.9,997,8.16,180,6.96,10000,Rain,heavy intensity rain,35,2026-06-09 23:21:24+00:00,2026-06-10 12:50:36+00:00,2026-06-10 16:47:04
Mumbai,31.37,38.37,72,25.77,1006,7.44,270,8.54,10000,Clouds,overcast clouds,100,2026-06-10 00:30:36+00:00,2026-06-10 13:45:35+00:00,2026-06-10 18:07:44
Delhi,43.7,42.68,15,26.7,994,6.67,266,8.86,10000,Clear,clear sky,0,2026-06-09 23:52:44+00:00,2026-06-10 13:48:30+00:00,2026-06-10 18:07:46
Pune,29.79,32.07,58,21.39,1007,8.42,259,9.36,10000,Clear,clear sky,6,2026-06-10 00:27:32+00:00,2026-06-10 13:40:36+00:00,2026-06-10 18:07:48
Chennai,34.97,41.97,56,26.17,1003,1.34,217,1.34,10000,Clouds,overcast clouds,100,2026-06-10 00:12:00+00:00,2026-06-10 13:04:44+00:00,2026-06-10 18:07:50
Kolkata,34.33,40.23,53,24.93,999,7.47,170,8.87,10000,Rain,moderate rain,13,2026-06-09 23:21:24+00:00,2026-06-10 12:50:36+00:00,2026-06-10 18:07:55
Mumbai,31.05,37.43,69,24.85,1006,6.02,253,6.1,10000,Clouds,overcast clouds,92,2026-06-11 00:30:40+00:00,2026-06-11 13:45:54+00:00,2026-06-11 13:44:03
Delhi,43.32,43.94,19,27.12,998,1.18,166,4.43,10000,Clear,clear sky,0,2026-06-10 23:52:43+00:00,2026-06-11 13:48:54+00:00,2026-06-11 13:44:05
Pune,35.22,35.68,33,21.82,1006,5.91,265,5.24,10000,Clouds,overcast clouds,100,2026-06-11 00:27:36+00:00,2026-06-11 13:40:54+00:00,2026-06-11 13:44:07
Chennai,32.43,39.11,63,25.03,1005,0.45,118,0.89,10000,Rain,light rain,100,2026-06-11 00:12:06+00:00,2026-06-11 13:05:00+00:00,2026-06-11 13:44:09
Kolkata,35.83,40.63,45,24.83,1001,5.89,133,5.82,10000,Rain,light rain,94,2026-06-10 23:21:26+00:00,2026-06-11 12:50:56+00:00,2026-06-11 13:44:11
Mumbai,31.01,37.93,71,25.21,1005,6.88,237,6.97,10000,Clouds,overcast clouds,93,2026-06-11 00:30:40+00:00,2026-06-11 13:45:54+00:00,2026-06-11 16:07:02
Delhi,35.28,35.3,31,21.48,999,3.35,8,4.57,10000,Clouds,few clouds,13,2026-06-10 23:52:43+00:00,2026-06-11 13:48:54+00:00,2026-06-11 16:07:04
Pune,35.22,35.44,32,21.62,1005,7.02,270,6.43,10000,Clouds,overcast clouds,95,2026-06-11 00:27:36+00:00,2026-06-11 13:40:54+00:00,2026-06-11 16:07:06
Chennai,31.88,38.88,72,26.28,1004,0.45,241,0.89,10000,Clouds,overcast clouds,100,2026-06-11 00:12:06+00:00,2026-06-11 13:05:00+00:00,2026-06-11 16:07:08
Kolkata,33.36,36.73,49,23.16,1000,4.32,176,7.54,10000,Clouds,broken clouds,82,2026-06-10 23:21:26+00:00,2026-06-11 12:50:56+00:00,2026-06-11 16:07:10
Mumbai,30.75,37.52,72,25.15,1007,7.51,240,7.44,10000,Clouds,overcast clouds,95,2026-06-11 00:30:40+00:00,2026-06-11 13:45:54+00:00,2026-06-11 22:35:52
Delhi,35.31,34.51,27,20.71,999,5.03,157,8.9,10000,Clouds,broken clouds,73,2026-06-10 23:52:43+00:00,2026-06-11 13:48:54+00:00,2026-06-11 22:35:56
Pune,28.56,29.0,49,18.36,1009,6.24,257,10.26,10000,Clouds,scattered clouds,35,2026-06-11 00:27:36+00:00,2026-06-11 13:40:54+00:00,2026-06-11 22:36:00
Chennai,30.99,37.99,78,26.59,1008,1.34,216,3.13,10000,Clouds,overcast clouds,87,2026-06-11 00:12:06+00:00,2026-06-11 13:05:00+00:00,2026-06-11 22:36:05
Kolkata,26.98,29.51,78,22.58,1005,3.89,79,5.82,10000,Rain,moderate rain,100,2026-06-10 23:21:26+00:00,2026-06-11 12:50:56+00:00,2026-06-11 22:36:08
Mumbai,30.47,36.76,72,24.87,1007,6.84,230,7.56,10000,Clouds,overcast clouds,95,2026-06-12 00:30:45+00:00,2026-06-12 13:46:12+00:00,2026-06-12 00:00:38
Delhi,33.96,33.06,29,19.76,1001,3.88,86,7.06,10000,Clear,clear sky,0,2026-06-11 23:52:44+00:00,2026-06-12 13:49:16+00:00,2026-06-12 00:00:40
Pune,27.45,27.93,51,17.65,1008,5.73,258,9.84,10000,Clouds,broken clouds,51,2026-06-12 00:27:41+00:00,2026-06-12 13:41:13+00:00,2026-06-12 00:00:42
Chennai,30.75,37.75,79,26.55,1007,1.79,172,2.68,10000,Clouds,overcast clouds,92,2026-06-12 00:12:13+00:00,2026-06-12 13:05:17+00:00,2026-06-12 00:00:43
Kolkata,27.07,29.8,79,22.87,1005,4.15,114,5.58,10000,Rain,moderate rain,100,2026-06-11 23:21:30+00:00,2026-06-12 12:51:16+00:00,2026-06-12 00:00:45
Mumbai,31.3,37.79,68,24.9,1008,7.02,254,7.45,10000,Clear,clear sky,2,2026-06-12 00:30:45+00:00,2026-06-12 13:46:12+00:00,2026-06-12 12:22:38
Delhi,38.35,39.05,27,23.75,1003,4.35,135,5.03,10000,Clear,clear sky,8,2026-06-11 23:52:44+00:00,2026-06-12 13:49:16+00:00,2026-06-12 12:22:42
Pune,34.11,34.42,35,21.11,1008,7.05,260,6.87,10000,Clear,clear sky,3,2026-06-12 00:27:41+00:00,2026-06-12 13:41:13+00:00,2026-06-12 12:22:44
Chennai,32.76,39.76,63,25.36,1007,0.89,226,2.24,10000,Clouds,overcast clouds,100,2026-06-12 00:12:13+00:00,2026-06-12 13:05:17+00:00,2026-06-12 12:22:48
Kolkata,36.74,41.46,42,25.14,1004,1.71,183,2.12,10000,Clouds,overcast clouds,100,2026-06-11 23:21:30+00:00,2026-06-12 12:51:16+00:00,2026-06-12 12:22:51
Mumbai,31.37,38.37,72,25.77,1008,6.35,251,7.16,10000,Clouds,overcast clouds,100,2026-06-12 00:30:45+00:00,2026-06-12 13:46:12+00:00,2026-06-12 20:21:09
Delhi,37.21,38.1,30,23.21,1002,1.73,121,2.51,10000,Clear,clear sky,1,2026-06-11 23:52:44+00:00,2026-06-12 13:49:16+00:00,2026-06-12 20:21:12
Pune,29.11,29.44,47,18.51,1009,7.58,258,10.11,10000,Clouds,few clouds,22,2026-06-12 00:27:41+00:00,2026-06-12 13:41:13+00:00,2026-06-12 20:21:16
Chennai,30.47,37.04,73,25.07,1008,0.89,198,0.89,10000,Clouds,overcast clouds,87,2026-06-12 00:12:13+00:00,2026-06-12 13:05:17+00:00,2026-06-12 20:21:20
Kolkata,30.67,36.17,68,24.27,1005,5.98,166,8.24,10000,Clouds,overcast clouds,95,2026-06-11 23:21:30+00:00,2026-06-12 12:51:16+00:00,2026-06-12 20:21:23
Mumbai,31.55,38.55,70,25.55,1008,6.15,266,5.95,10000,Clouds,scattered clouds,50,2026-06-13 00:30:50+00:00,2026-06-13 13:46:30+00:00,2026-06-13 15:22:11
Delhi,40.32,39.52,19,24.12,1000,3.32,307,5.07,10000,Clear,clear sky,0,2026-06-12 23:52:45+00:00,2026-06-13 13:49:38+00:00,2026-06-13 15:22:14
Pune,34.21,37.85,47,23.61,1008,5.88,274,5.37,10000,Clouds,broken clouds,63,2026-06-13 00:27:47+00:00,2026-06-13 13:41:30+00:00,2026-06-13 15:22:17
Chennai,32.89,39.89,67,26.29,1005,0.89,164,2.24,10000,Clouds,overcast clouds,100,2026-06-13 00:12:21+00:00,2026-06-13 13:05:33+00:00,2026-06-13 15:22:19
Kolkata,36.23,41.96,46,25.43,1001,4.34,190,3.72,10000,Clouds,broken clouds,82,2026-06-12 23:21:34+00:00,2026-06-13 12:51:35+00:00,2026-06-13 15:22:22
Mumbai,30.93,37.93,73,25.53,1009,7.49,267,7.8,10000,Clouds,broken clouds,55,2026-06-13 00:30:50+00:00,2026-06-13 13:46:30+00:00,2026-06-13 21:51:23
Delhi,35.09,34.8,30,21.09,1002,3.18,220,4.06,10000,Clear,clear sky,0,2026-06-12 23:52:45+00:00,2026-06-13 13:49:38+00:00,2026-06-13 21:51:28
Pune,27.99,28.1,46,17.19,1010,0.45,246,,10000,Clouds,scattered clouds,25,2026-06-13 00:27:47+00:00,2026-06-13 13:41:30+00:00,2026-06-13 21:51:30
Chennai,31.04,38.04,76,26.24,1008,3.58,215,3.58,10000,Clouds,overcast clouds,100,2026-06-13 00:12:21+00:00,2026-06-13 13:05:33+00:00,2026-06-13 21:51:33
Kolkata,30.42,36.08,70,24.42,1004,5.8,170,8.76,10000,Clouds,scattered clouds,28,2026-06-12 23:21:34+00:00,2026-06-13 12:51:35+00:00,2026-06-13 21:51:35
Mumbai,31.2,37.22,67,24.6,1009,6.06,260,6.81,10000,Clear,clear sky,3,2026-06-14 00:30:57+00:00,2026-06-14 13:46:48+00:00,2026-06-14 13:08:06
Delhi,39.45,39.19,22,23.85,1001,1.82,241,5.04,10000,Clear,clear sky,0,2026-06-13 23:52:48+00:00,2026-06-14 13:49:59+00:00,2026-06-14 13:08:09
Pune,34.35,33.76,30,20.35,1009,0.45,194,,10000,Clear,clear sky,0,2026-06-14 00:27:53+00:00,2026-06-14 13:41:48+00:00,2026-06-14 13:08:13
Chennai,35.47,42.47,52,25.87,1005,2.68,176,3.58,10000,Clouds,overcast clouds,90,2026-06-14 00:12:29+00:00,2026-06-14 13:05:48+00:00,2026-06-14 13:08:17
Kolkata,37.51,42.32,40,25.51,1001,2.98,204,3.26,10000,Clouds,scattered clouds,49,2026-06-13 23:21:39+00:00,2026-06-14 12:51:54+00:00,2026-06-14 13:08:21
Mumbai,30.75,37.22,71,24.95,1009,6.53,283,7.65,10000,Clouds,scattered clouds,42,2026-06-14 00:30:57+00:00,2026-06-14 13:46:48+00:00,2026-06-14 20:55:25
Delhi,39.36,38.76,21,23.56,999,3.86,273,4.95,10000,Clear,clear sky,0,2026-06-13 23:52:48+00:00,2026-06-14 13:49:59+00:00,2026-06-14 20:55:27
Pune,27.99,28.1,46,17.19,1010,0.45,239,,10000,Clear,clear sky,7,2026-06-14 00:27:53+00:00,2026-06-14 13:41:48+00:00,2026-06-14 20:55:30
Chennai,30.84,37.77,72,25.24,1007,2.68,186,3.13,10000,Clouds,overcast clouds,95,2026-06-14 00:12:29+00:00,2026-06-14 13:05:48+00:00,2026-06-14 20:55:33
Kolkata,28.24,30.85,68,21.84,1002,5.33,228,9.47,10000,Clouds,overcast clouds,100,2026-06-13 23:21:39+00:00,2026-06-14 12:51:54+00:00,2026-06-14 20:55:36
Mumbai,31.24,37.33,67,24.64,1010,6.36,287,6.25,10000,Clouds,overcast clouds,93,2026-06-15 00:31:04+00:00,2026-06-15 13:47:05+00:00,2026-06-15 10:26:08
Delhi,36.91,36.31,25,21.91,1003,2.53,291,3.55,10000,Clouds,scattered clouds,43,2026-06-14 23:52:53+00:00,2026-06-15 13:50:18+00:00,2026-06-15 10:26:11
Pune,32.5,31.81,33,19.1,1011,0.45,212,,10000,Clouds,few clouds,15,2026-06-15 00:28:00+00:00,2026-06-15 13:42:04+00:00,2026-06-15 10:26:13
Chennai,35.43,42.43,55,26.43,1007,1.79,113,3.13,10000,Clouds,overcast clouds,98,2026-06-15 00:12:38+00:00,2026-06-15 13:06:03+00:00,2026-06-15 10:26:17
Kolkata,36.42,40.76,42,24.82,1003,3.05,201,2.64,10000,Clouds,scattered clouds,26,2026-06-14 23:21:45+00:00,2026-06-15 12:52:12+00:00,2026-06-15 10:26:20
Mumbai,30.81,35.97,66,24.01,1009,6.38,286,6.26,10000,Clouds,broken clouds,62,2026-06-15 00:31:04+00:00,2026-06-15 13:47:05+00:00,2026-06-15 23:34:08
Delhi,32.44,32.04,35,19.44,1004,4.12,201,5.03,10000,Clouds,overcast clouds,94,2026-06-14 23:52:53+00:00,2026-06-15 13:50:18+00:00,2026-06-15 23:34:10
Pune,27.45,27.65,47,16.85,1011,4.24,271,8.21,10000,Clouds,scattered clouds,32,2026-06-15 00:28:00+00:00,2026-06-15 13:42:04+00:00,2026-06-15 23:34:13
Chennai,31.92,38.92,70,25.92,1006,0.89,166,0.89,10000,Clouds,overcast clouds,100,2026-06-15 00:12:38+00:00,2026-06-15 13:06:03+00:00,2026-06-15 23:34:16
Kolkata,30.08,36.52,75,25.08,1004,5.07,180,7.52,10000,Clear,clear sky,9,2026-06-14 23:21:45+00:00,2026-06-15 12:52:12+00:00,2026-06-15 23:34:18
Mumbai,31.36,36.17,62,23.76,1010,4.26,250,4.59,10000,Clouds,broken clouds,84,2026-06-16 00:31:12+00:00,2026-06-16 13:47:21+00:00,2026-06-16 09:54:11
Delhi,35.9,35.77,29,21.7,1005,2.63,275,3.34,10000,Clear,clear sky,1,2026-06-15 23:52:58+00:00,2026-06-16 13:50:37+00:00,2026-06-16 09:54:15
Pune,30.22,30.2,42,18.62,1013,4.45,286,6.14,10000,Clouds,few clouds,13,2026-06-16 00:28:08+00:00,2026-06-16 13:42:20+00:00,2026-06-16 09:54:17
Chennai,35.77,42.77,53,26.37,1007,0.89,21,2.68,10000,Clouds,overcast clouds,100,2026-06-16 00:12:47+00:00,2026-06-16 13:06:18+00:00,2026-06-16 09:54:19
Kolkata,35.51,40.69,47,24.91,1005,3.74,188,3.76,10000,Clouds,few clouds,23,2026-06-15 23:21:52+00:00,2026-06-16 12:52:29+00:00,2026-06-16 09:54:21
Mumbai,30.9,34.88,61,23.1,1010,5.83,242,5.42,10000,Clouds,broken clouds,63,2026-06-17 00:31:20+00:00,2026-06-17 13:47:36+00:00,2026-06-17 11:12:55
Delhi,37.47,37.93,28,23.07,1004,2.52,254,2.91,10000,Clear,clear sky,10,2026-06-16 23:53:04+00:00,2026-06-17 13:50:55+00:00,2026-06-17 11:12:58
Pune,32.3,31.7,34,19.1,1011,5.04,279,4.94,10000,Clouds,broken clouds,54,2026-06-17 00:28:17+00:00,2026-06-17 13:42:36+00:00,2026-06-17 11:13:00
Chennai,34.85,41.85,60,26.85,1007,1.34,225,3.13,10000,Clouds,overcast clouds,95,2026-06-17 00:12:57+00:00,2026-06-17 13:06:33+00:00,2026-06-17 11:13:03
Kolkata,37.91,43.68,41,26.11,1004,4.45,196,3.54,10000,Clear,clear sky,6,2026-06-16 23:22:00+00:00,2026-06-17 12:52:45+00:00,2026-06-17 11:13:06
Mumbai,30.77,35.61,65,23.77,1008,6.08,263,6.49,10000,Clouds,few clouds,11,2026-06-17 00:31:20+00:00,2026-06-17 13:47:36+00:00,2026-06-17 18:56:33
Delhi,39.09,38.67,22,23.49,999,3.14,335,4.46,10000,Clear,clear sky,4,2026-06-16 23:53:04+00:00,2026-06-17 13:50:55+00:00,2026-06-17 18:56:36
Pune,30.67,29.88,35,17.67,1008,0.89,228,,10000,Clouds,scattered clouds,30,2026-06-17 00:28:17+00:00,2026-06-17 13:42:36+00:00,2026-06-17 18:56:38
Chennai,31.66,38.66,77,27.06,1004,1.79,179,2.24,10000,Clouds,overcast clouds,99,2026-06-17 00:12:57+00:00,2026-06-17 13:06:33+00:00,2026-06-17 18:56:40
Kolkata,32.23,38.26,62,24.63,1002,7.02,186,8.91,10000,Clouds,overcast clouds,100,2026-06-16 23:22:00+00:00,2026-06-17 12:52:45+00:00,2026-06-17 18:56:42
Mumbai,30.65,35.59,66,23.85,1008,5.41,244,5.41,10000,Clouds,few clouds,23,2026-06-19 00:31:40+00:00,2026-06-19 13:48:06+00:00,2026-06-19 18:09:37
Delhi,40.45,40.71,22,24.85,999,5.42,290,3.52,10000,Clear,clear sky,9,2026-06-18 23:53:21+00:00,2026-06-19 13:51:27+00:00,2026-06-19 18:09:39
Pune,33.34,32.14,28,18.94,1008,0.45,153,,10000,Clouds,overcast clouds,92,2026-06-19 00:28:37+00:00,2026-06-19 13:43:05+00:00,2026-06-19 18:09:42
Chennai,32.73,39.73,71,26.93,1006,1.34,161,2.68,10000,Clouds,overcast clouds,100,2026-06-19 00:13:18+00:00,2026-06-19 13:07:00+00:00,2026-06-19 18:09:45
Kolkata,32.47,38.53,61,24.67,1002,6.39,192,8.28,10000,Clouds,overcast clouds,100,2026-06-18 23:22:18+00:00,2026-06-19 12:53:15+00:00,2026-06-19 18:09:48
Mumbai,30.54,35.59,67,23.94,1009,3.9,237,3.58,10000,Clouds,few clouds,11,2026-06-21 00:32:02+00:00,2026-06-21 13:48:32+00:00,2026-06-21 11:53:42
Delhi,38.85,39.54,26,24.05,1002,3.0,294,3.49,10000,Clear,clear sky,3,2026-06-20 23:53:42+00:00,2026-06-21 13:51:55+00:00,2026-06-21 11:53:44
Pune,33.56,34.01,37,20.96,1009,2.98,270,3.44,10000,Clear,clear sky,2,2026-06-21 00:28:59+00:00,2026-06-21 13:43:31+00:00,2026-06-21 11:53:46
Chennai,35.7,42.7,60,27.7,1008,2.2,194,2.97,10000,Clouds,overcast clouds,100,2026-06-21 00:13:41+00:00,2026-06-21 13:07:26+00:00,2026-06-21 11:53:48
Kolkata,37.27,43.55,44,26.07,1003,5.31,203,5.44,10000,Rain,heavy intensity rain,100,2026-06-20 23:22:40+00:00,2026-06-21 12:53:42+00:00,2026-06-21 11:53:50
Mumbai,30.75,36.94,70,24.75,1006,5.94,255,5.88,10000,Clouds,broken clouds,51,2026-06-21 00:32:02+00:00,2026-06-21 13:48:32+00:00,2026-06-21 18:40:24
Delhi,41.07,40.24,18,24.67,997,4.99,264,4.69,10000,Clouds,scattered clouds,42,2026-06-20 23:53:42+00:00,2026-06-21 13:51:55+00:00,2026-06-21 18:40:27
Pune,29.7,31.91,58,21.3,1007,5.3,260,6.23,10000,Clouds,broken clouds,76,2026-06-21 00:28:59+00:00,2026-06-21 13:43:31+00:00,2026-06-21 18:40:29
Chennai,31.09,38.09,74,25.89,1007,1.79,244,2.68,10000,Clouds,overcast clouds,100,2026-06-21 00:13:41+00:00,2026-06-21 13:07:26+00:00,2026-06-21 18:40:31
Kolkata,31.6,37.63,65,24.6,1002,7.99,176,11.03,10000,Clouds,overcast clouds,100,2026-06-20 23:22:40+00:00,2026-06-21 12:53:42+00:00,2026-06-21 18:40:33
Mumbai,27.86,31.61,79,23.66,1007,6.39,185,5.8,10000,Rain,light rain,100,2026-06-23 00:32:27+00:00,2026-06-23 13:48:56+00:00,2026-06-23 12:08:21
Delhi,39.43,39.48,23,24.03,1000,3.36,264,4.94,10000,Clear,clear sky,0,2026-06-22 23:54:08+00:00,2026-06-23 13:52:18+00:00,2026-06-23 12:08:25
Pune,28.1,30.33,66,21.3,1007,3.54,231,5.4,10000,Clouds,overcast clouds,100,2026-06-23 00:29:24+00:00,2026-06-23 13:43:55+00:00,2026-06-23 12:08:28
Chennai,35.59,42.59,52,25.99,1006,2.68,211,3.58,10000,Clouds,overcast clouds,100,2026-06-23 00:14:06+00:00,2026-06-23 13:07:50+00:00,2026-06-23 12:08:31
Kolkata,38.72,43.66,37,26.12,1000,6.14,198,4.74,10000,Clouds,overcast clouds,96,2026-06-22 23:23:06+00:00,2026-06-23 12:54:06+00:00,2026-06-23 12:08:34
Mumbai,27.67,31.29,80,23.67,1005,5.52,269,6.18,3560,Clouds,overcast clouds,100,2026-06-23 00:32:27+00:00,2026-06-23 13:48:56+00:00,2026-06-23 17:27:55
Delhi,41.0,39.82,17,24.4,996,3.82,296,5.22,10000,Clouds,scattered clouds,33,2026-06-22 23:54:08+00:00,2026-06-23 13:52:18+00:00,2026-06-23 17:27:58
Pune,27.3,28.0,54,18.1,1006,2.62,248,4.05,9447,Clouds,overcast clouds,100,2026-06-23 00:29:24+00:00,2026-06-23 13:43:55+00:00,2026-06-23 17:28:01
Chennai,32.75,39.75,68,26.35,1005,1.79,78,2.68,10000,Clouds,overcast clouds,94,2026-06-23 00:14:06+00:00,2026-06-23 13:07:50+00:00,2026-06-23 17:28:04
Kolkata,32.92,37.32,54,23.72,999,5.18,189,6.02,10000,Rain,light rain,99,2026-06-22 23:23:06+00:00,2026-06-23 12:54:06+00:00,2026-06-23 17:28:06
Mumbai,26.97,29.96,83,23.57,1007,5.77,257,7.4,4136,Rain,moderate rain,100,2026-06-24 00:32:41+00:00,2026-06-24 13:49:06+00:00,2026-06-24 08:11:11
Delhi,35.58,35.52,30,21.58,1001,0.99,285,1.28,10000,Clear,clear sky,2,2026-06-23 23:54:22+00:00,2026-06-24 13:52:28+00:00,2026-06-24 08:11:12
Pune,23.08,23.64,84,19.88,1009,4.03,257,8.6,10000,Clouds,overcast clouds,100,2026-06-24 00:29:38+00:00,2026-06-24 13:44:06+00:00,2026-06-24 08:11:14
Chennai,30.62,34.52,62,23.02,1008,1.34,201,1.34,10000,Clouds,overcast clouds,99,2026-06-24 00:14:19+00:00,2026-06-24 13:08:01+00:00,2026-06-24 08:11:17
Kolkata,34.74,37.96,44,23.54,1002,5.8,239,6.91,10000,Clouds,overcast clouds,96,2026-06-23 23:23:19+00:00,2026-06-24 12:54:16+00:00,2026-06-24 08:11:20
Mumbai,27.22,29.92,77,22.62,1008,4.11,249,4.98,10000,Clouds,overcast clouds,100,2026-06-24 00:32:41+00:00,2026-06-24 13:49:06+00:00,2026-06-24 12:48:33
Delhi,39.54,39.98,24,24.34,1000,1.83,261,3.27,10000,Clear,clear sky,0,2026-06-23 23:54:22+00:00,2026-06-24 13:52:28+00:00,2026-06-24 12:48:35
Pune,24.14,24.18,60,16.14,1011,4.79,253,8.51,10000,Clouds,overcast clouds,100,2026-06-24 00:29:38+00:00,2026-06-24 13:44:06+00:00,2026-06-24 12:48:37
Chennai,35.47,41.81,50,25.47,1006,4.25,278,6.37,10000,Clouds,broken clouds,66,2026-06-24 00:14:19+00:00,2026-06-24 13:08:01+00:00,2026-06-24 12:48:39
Kolkata,40.47,42.71,27,25.87,1000,3.36,261,3.44,10000,Clouds,broken clouds,67,2026-06-23 23:23:19+00:00,2026-06-24 12:54:16+00:00,2026-06-24 12:48:42
